transaction_id,customer_id,date,type,amount,category,merchant_name
TC001000,C001,2026-04-01,Debit,2799.00,UPI,Milk Vendor
TC001001,C001,2026-04-02,Debit,2375.00,Bills,Airtel
TC001002,C001,2026-04-25,Debit,739.00,Bills,Airtel
TC001003,C001,2026-04-15,Debit,1407.00,Bills,TATA Play
TC001004,C001,2026-04-07,Credit,143015.00,Salary,Company Salary
TC001005,C001,2026-04-07,Debit,2175.00,Travel,Uber
TC001006,C001,2026-04-04,Debit,4991.00,Food,BigBasket
TC001007,C001,2026-04-13,Debit,867.00,Food,McDonalds
TC001008,C001,2026-04-28,Debit,1444.00,Travel,Metro Recharge
TC001009,C001,2026-04-22,Debit,1402.00,UPI,Friend Transfer
TC001010,C001,2026-04-04,Credit,30944.00,Salary,Company Salary
TC001011,C001,2026-04-03,Debit,4925.00,Shopping,DMart
TC001012,C001,2026-04-28,Credit,66551.00,Salary,Company Salary
TC001013,C001,2026-04-07,Debit,1104.00,Shopping,Reliance Digital
TC001014,C001,2026-04-16,Debit,3597.00,Food,Swiggy
TC001015,C001,2026-04-11,Debit,1886.00,Food,Zomato
TC001016,C001,2026-04-25,Debit,900.00,Shopping,Amazon
TC001017,C001,2026-04-23,Debit,3037.00,Travel,IndiGo
TC001018,C001,2026-04-15,Debit,2826.00,Travel,Petrol Pump
TC001019,C001,2026-04-21,Debit,3327.00,Bills,Adani Gas
TC001020,C001,2026-04-11,Debit,4221.00,Shopping,Reliance Digital
TC001021,C001,2026-04-23,Credit,65716.00,Salary,Company Salary
TC002000,C002,2026-04-10,Debit,238.00,Travel,Petrol Pump
TC002001,C002,2026-04-16,Debit,2373.00,Travel,IndiGo
TC002002,C002,2026-04-04,Debit,2267.00,Shopping,Amazon
TC002003,C002,2026-04-21,Credit,98584.00,Salary,Company Salary
TC002004,C002,2026-04-04,Debit,2766.00,Bills,TATA Play
TC002005,C002,2026-04-21,Debit,226.00,Bills,TATA Play
TC002006,C002,2026-04-21,Debit,1830.00,Shopping,Reliance Digital
TC002007,C002,2026-04-08,Debit,3664.00,Travel,Uber
TC002008,C002,2026-04-23,Debit,4186.00,Bills,Airtel
TC002009,C002,2026-04-25,Debit,4875.00,Shopping,Myntra
TC002010,C002,2026-04-22,Debit,2243.00,UPI,Friend Transfer
TC002011,C002,2026-04-07,Credit,85000.00,Salary,Company Salary
TC002012,C002,2026-04-01,Debit,235.00,Food,BigBasket
TC002013,C002,2026-04-12,Debit,1793.00,UPI,Laundry
TC002014,C002,2026-04-22,Credit,76655.00,Salary,Company Salary
TC002015,C002,2026-04-16,Debit,4403.00,Food,Swiggy
TC002016,C002,2026-04-27,Debit,3421.00,Travel,Ola
TC003000,C003,2026-04-15,Debit,1459.00,Shopping,Reliance Digital
TC003001,C003,2026-04-28,Debit,3558.00,UPI,Laundry
TC003002,C003,2026-04-05,Debit,138.00,Food,McDonalds
TC003003,C003,2026-04-17,Debit,1200.00,Bills,BESCOM
TC003004,C003,2026-04-02,Debit,3193.00,Food,BigBasket
TC003005,C003,2026-04-24,Debit,1293.00,Food,Swiggy
TC003006,C003,2026-04-12,Debit,2959.00,Food,Zomato
TC003007,C003,2026-04-05,Debit,2154.00,Food,Blinkit
TC003008,C003,2026-04-01,Debit,2898.00,Food,Swiggy
TC003009,C003,2026-04-08,Debit,451.00,UPI,Kirana Store
TC003010,C003,2026-04-12,Debit,4733.00,Travel,Ola
TC003011,C003,2026-04-20,Debit,2181.00,Travel,IndiGo
TC003012,C003,2026-04-21,Debit,4342.00,Food,Swiggy
TC003013,C003,2026-04-19,Credit,83929.00,Salary,Company Salary
TC003014,C003,2026-04-23,Debit,3609.00,Bills,Jio
TC003015,C003,2026-04-18,Credit,147297.00,Salary,Company Salary
TC003016,C003,2026-04-26,Debit,1791.00,Food,Zomato
TC003017,C003,2026-04-19,Debit,1824.00,Food,McDonalds
TC003018,C003,2026-04-02,Debit,3458.00,Travel,Uber
TC003019,C003,2026-04-16,Debit,3532.00,Shopping,Flipkart
TC003020,C003,2026-04-19,Debit,691.00,Bills,BESCOM
TC003021,C003,2026-04-21,Credit,105981.00,Salary,Company Salary
TC003022,C003,2026-04-17,Debit,2251.00,Shopping,DMart
TC003023,C003,2026-04-18,Debit,4963.00,Shopping,Reliance Digital
TC004000,C004,2026-04-27,Debit,3235.00,Shopping,DMart
TC004001,C004,2026-04-02,Debit,2773.00,Travel,IndiGo
TC004002,C004,2026-04-03,Debit,701.00,UPI,Milk Vendor
TC004003,C004,2026-04-06,Credit,86899.00,Salary,Company Salary
TC004004,C004,2026-04-24,Debit,4969.00,Food,Zomato
TC004005,C004,2026-04-03,Debit,5085.00,Food,BigBasket
TC004006,C004,2026-04-25,Debit,4746.00,Bills,Airtel
TC004007,C004,2026-04-10,Debit,3066.00,UPI,Milk Vendor
TC004008,C004,2026-04-08,Debit,4427.00,Food,Swiggy
TC004009,C004,2026-04-22,Debit,2763.00,Bills,Jio
TC004010,C004,2026-04-15,Credit,49839.00,Salary,Company Salary
TC004011,C004,2026-04-07,Debit,192.00,Travel,IRCTC
TC004012,C004,2026-04-02,Credit,132238.00,Salary,Company Salary
TC004013,C004,2026-04-06,Debit,820.00,Travel,IRCTC
TC004014,C004,2026-04-12,Credit,86405.00,Salary,Company Salary
TC005000,C005,2026-04-03,Credit,136178.00,Salary,Company Salary
TC005001,C005,2026-04-10,Debit,164.00,Bills,Adani Gas
TC005002,C005,2026-04-15,Debit,4888.00,UPI,Milk Vendor
TC005003,C005,2026-04-11,Debit,4126.00,Food,Blinkit
TC005004,C005,2026-04-25,Debit,474.00,Food,Zomato
TC005005,C005,2026-04-11,Debit,274.00,UPI,Kirana Store
TC005006,C005,2026-04-12,Debit,1437.00,Food,BigBasket
TC005007,C005,2026-04-19,Debit,3538.00,Food,Local Restaurant
TC005008,C005,2026-04-12,Credit,125887.00,Salary,Company Salary
TC005009,C005,2026-04-25,Debit,342.00,Shopping,Myntra
TC005010,C005,2026-04-23,Debit,528.00,Travel,Petrol Pump
TC005011,C005,2026-04-25,Credit,148358.00,Salary,Company Salary
TC005012,C005,2026-04-14,Debit,3445.00,Food,McDonalds
TC005013,C005,2026-04-07,Debit,4017.00,UPI,Friend Transfer
TC005014,C005,2026-04-24,Debit,1922.00,Food,Swiggy
TC005015,C005,2026-04-01,Debit,4673.00,Travel,Petrol Pump
TC005016,C005,2026-04-15,Debit,4188.00,Shopping,DMart
TC005017,C005,2026-04-02,Debit,1677.00,Food,Blinkit
TC005018,C005,2026-04-15,Credit,109244.00,Salary,Company Salary
TC006000,C006,2026-04-20,Debit,4931.00,UPI,Kirana Store
TC006001,C006,2026-04-10,Credit,115730.00,Salary,Company Salary
TC006002,C006,2026-04-15,Debit,1369.00,Shopping,Reliance Digital
TC006003,C006,2026-04-08,Credit,63943.00,Salary,Company Salary
TC006004,C006,2026-04-24,Debit,3535.00,Shopping,Reliance Digital
TC006005,C006,2026-04-17,Debit,4351.00,Travel,IRCTC
TC006006,C006,2026-04-08,Credit,68122.00,Salary,Company Salary
TC006007,C006,2026-04-02,Debit,2742.00,Bills,TATA Play
TC006008,C006,2026-04-04,Debit,5001.00,Bills,Airtel
TC006009,C006,2026-04-05,Credit,80180.00,Salary,Company Salary
TC006010,C006,2026-04-22,Debit,1629.00,Food,Blinkit
TC006011,C006,2026-04-11,Credit,90560.00,Salary,Company Salary
TC006012,C006,2026-04-10,Credit,62741.00,Salary,Company Salary
TC006013,C006,2026-04-13,Debit,1085.00,Shopping,Ajio
TC006014,C006,2026-04-24,Credit,52078.00,Salary,Company Salary
TC006015,C006,2026-04-13,Debit,3156.00,Travel,Ola
TC007000,C007,2026-04-07,Credit,129978.00,Salary,Company Salary
TC007001,C007,2026-04-13,Debit,1430.00,UPI,Kirana Store
TC007002,C007,2026-04-09,Credit,56757.00,Salary,Company Salary
TC007003,C007,2026-04-17,Credit,44346.00,Salary,Company Salary
TC007004,C007,2026-04-09,Debit,3833.00,Food,Blinkit
TC007005,C007,2026-04-04,Debit,1222.00,Travel,IRCTC
TC007006,C007,2026-04-12,Debit,3538.00,Food,Local Restaurant
TC007007,C007,2026-04-16,Debit,3530.00,Shopping,Ajio
TC007008,C007,2026-04-16,Debit,2265.00,Food,Swiggy
TC007009,C007,2026-04-20,Debit,3943.00,UPI,Milk Vendor
TC007010,C007,2026-04-28,Debit,4895.00,Bills,Airtel
TC007011,C007,2026-04-17,Credit,132242.00,Salary,Company Salary
TC007012,C007,2026-04-14,Credit,67725.00,Salary,Company Salary
TC007013,C007,2026-04-13,Debit,4229.00,Food,Local Restaurant
TC007014,C007,2026-04-21,Debit,905.00,Food,Swiggy
TC007015,C007,2026-04-07,Debit,3460.00,Shopping,Flipkart
TC007016,C007,2026-04-25,Debit,1834.00,Food,McDonalds
TC007017,C007,2026-04-11,Debit,4637.00,UPI,Kirana Store
TC008000,C008,2026-04-06,Debit,4257.00,Food,Zomato
TC008001,C008,2026-04-05,Credit,142674.00,Salary,Company Salary
TC008002,C008,2026-04-21,Debit,2675.00,Shopping,DMart
TC008003,C008,2026-04-04,Debit,748.00,Food,Blinkit
TC008004,C008,2026-04-03,Debit,689.00,Food,McDonalds
TC008005,C008,2026-04-16,Debit,4300.00,Food,Blinkit
TC008006,C008,2026-04-14,Credit,49597.00,Salary,Company Salary
TC008007,C008,2026-04-22,Debit,2374.00,Shopping,Flipkart
TC008008,C008,2026-04-02,Debit,4921.00,Shopping,Reliance Digital
TC008009,C008,2026-04-17,Debit,1961.00,Travel,Petrol Pump
TC008010,C008,2026-04-06,Debit,2628.00,Travel,Metro Recharge
TC008011,C008,2026-04-06,Debit,138.00,UPI,Friend Transfer
TC008012,C008,2026-04-23,Debit,4285.00,Shopping,Myntra
TC008013,C008,2026-04-06,Debit,4401.00,Travel,Ola
TC008014,C008,2026-04-06,Credit,33651.00,Salary,Company Salary
TC008015,C008,2026-04-20,Debit,894.00,Food,Zomato
TC008016,C008,2026-04-26,Debit,4677.00,Bills,TATA Play
TC008017,C008,2026-04-24,Debit,3193.00,Bills,Jio
TC008018,C008,2026-04-10,Debit,4168.00,UPI,Milk Vendor
TC008019,C008,2026-04-26,Debit,2798.00,Travel,IndiGo
TC008020,C008,2026-04-08,Debit,1144.00,UPI,Milk Vendor
TC008021,C008,2026-04-19,Credit,43462.00,Salary,Company Salary
TC008022,C008,2026-04-12,Debit,1998.00,Food,Swiggy
TC008023,C008,2026-04-11,Debit,2064.00,Shopping,Ajio
TC009000,C009,2026-04-20,Debit,1652.00,Food,Swiggy
TC009001,C009,2026-04-04,Debit,3305.00,Travel,Petrol Pump
TC009002,C009,2026-04-01,Debit,2448.00,Shopping,Flipkart
TC009003,C009,2026-04-10,Debit,2272.00,Bills,BESCOM
TC009004,C009,2026-04-26,Debit,126.00,UPI,Milk Vendor
TC009005,C009,2026-04-07,Debit,2697.00,Food,McDonalds
TC009006,C009,2026-04-09,Debit,3646.00,Shopping,Reliance Digital
TC009007,C009,2026-04-05,Debit,4856.00,Bills,Jio
TC009008,C009,2026-04-15,Debit,138.00,Food,Zomato
TC009009,C009,2026-04-09,Debit,1293.00,Shopping,Reliance Digital
TC009010,C009,2026-04-11,Debit,112.00,Food,BigBasket
TC009011,C009,2026-04-12,Debit,2240.00,Food,Blinkit
TC009012,C009,2026-04-03,Debit,859.00,Shopping,Ajio
TC009013,C009,2026-04-14,Debit,231.00,Travel,IndiGo
TC009014,C009,2026-04-01,Debit,2300.00,UPI,Milk Vendor
TC009015,C009,2026-04-15,Debit,2300.00,Travel,Metro Recharge
TC009016,C009,2026-04-25,Debit,4600.00,Travel,Petrol Pump
TC009017,C009,2026-04-15,Debit,4233.00,Shopping,Amazon
TC009018,C009,2026-04-24,Credit,80360.00,Salary,Company Salary
TC009019,C009,2026-04-04,Debit,3306.00,UPI,Friend Transfer
TC010000,C010,2026-04-12,Debit,3520.00,Food,Zomato
TC010001,C010,2026-04-01,Debit,3681.00,UPI,Friend Transfer
TC010002,C010,2026-04-23,Credit,62550.00,Salary,Company Salary
TC010003,C010,2026-04-25,Credit,111423.00,Salary,Company Salary
TC010004,C010,2026-04-12,Debit,4243.00,UPI,Laundry
TC010005,C010,2026-04-25,Debit,2138.00,UPI,Kirana Store
TC010006,C010,2026-04-14,Debit,4798.00,UPI,Milk Vendor
TC010007,C010,2026-04-15,Credit,51536.00,Salary,Company Salary
TC010008,C010,2026-04-15,Debit,4121.00,Travel,Metro Recharge
TC010009,C010,2026-04-11,Debit,3118.00,Shopping,Reliance Digital
TC010010,C010,2026-04-02,Debit,3707.00,Bills,Jio
TC010011,C010,2026-04-16,Debit,4104.00,Bills,BESCOM
TC010012,C010,2026-04-23,Credit,130205.00,Salary,Company Salary
TC010013,C010,2026-04-16,Debit,4833.00,Food,McDonalds
TC010014,C010,2026-04-06,Debit,3346.00,Bills,BESCOM
TC010015,C010,2026-04-16,Debit,1591.00,Travel,IndiGo
TC010016,C010,2026-04-19,Credit,91734.00,Salary,Company Salary
TC010017,C010,2026-04-25,Debit,3241.00,Food,Swiggy
TC010018,C010,2026-04-12,Debit,3017.00,Travel,Metro Recharge
TC010019,C010,2026-04-09,Debit,1703.00,Bills,Adani Gas
TC010020,C010,2026-04-06,Debit,3266.00,Bills,TATA Play
TC010021,C010,2026-04-11,Credit,27958.00,Salary,Company Salary
TC010022,C010,2026-04-04,Debit,1045.00,Shopping,Amazon
TC010023,C010,2026-04-10,Debit,4266.00,Food,Zomato
TC011000,C011,2026-04-21,Debit,4924.00,Travel,IRCTC
TC011001,C011,2026-04-01,Debit,4061.00,UPI,Milk Vendor
TC011002,C011,2026-04-21,Debit,3890.00,UPI,Milk Vendor
TC011003,C011,2026-04-08,Debit,3413.00,UPI,Kirana Store
TC011004,C011,2026-04-23,Debit,115.00,Shopping,DMart
TC011005,C011,2026-04-01,Debit,312.00,Travel,Petrol Pump
TC011006,C011,2026-04-17,Credit,51968.00,Salary,Company Salary
TC011007,C011,2026-04-18,Debit,3865.00,Travel,IndiGo
TC011008,C011,2026-04-24,Credit,58393.00,Salary,Company Salary
TC011009,C011,2026-04-05,Debit,1400.00,Bills,Airtel
TC011010,C011,2026-04-17,Debit,2390.00,Travel,Ola
TC011011,C011,2026-04-10,Debit,2675.00,Shopping,Reliance Digital
TC011012,C011,2026-04-18,Debit,919.00,Bills,BESCOM
TC011013,C011,2026-04-11,Debit,1827.00,Bills,TATA Play
TC011014,C011,2026-04-24,Debit,2305.00,Shopping,Reliance Digital
TC011015,C011,2026-04-09,Debit,3275.00,Travel,IRCTC
TC011016,C011,2026-04-18,Debit,621.00,Food,Local Restaurant
TC011017,C011,2026-04-10,Credit,143571.00,Salary,Company Salary
TC011018,C011,2026-04-15,Debit,1317.00,UPI,Milk Vendor
TC011019,C011,2026-04-14,Debit,4765.00,Food,Blinkit
TC011020,C011,2026-04-27,Credit,120521.00,Salary,Company Salary
TC011021,C011,2026-04-26,Debit,4908.00,Shopping,Ajio
TC011022,C011,2026-04-15,Debit,1805.00,Travel,Ola
TC011023,C011,2026-04-03,Debit,390.00,Travel,Ola
TC012000,C012,2026-04-02,Debit,798.00,UPI,Kirana Store
TC012001,C012,2026-04-09,Debit,1462.00,UPI,Kirana Store
TC012002,C012,2026-04-22,Debit,3237.00,Shopping,Ajio
TC012003,C012,2026-04-09,Debit,2274.00,UPI,Milk Vendor
TC012004,C012,2026-04-01,Debit,2684.00,Food,BigBasket
TC012005,C012,2026-04-04,Debit,2478.00,Shopping,Flipkart
TC012006,C012,2026-04-09,Debit,1946.00,Bills,BESCOM
TC012007,C012,2026-04-14,Debit,2239.00,Shopping,Flipkart
TC012008,C012,2026-04-19,Debit,863.00,UPI,Laundry
TC012009,C012,2026-04-28,Debit,2379.00,Food,McDonalds
TC012010,C012,2026-04-21,Debit,4008.00,Travel,Ola
TC012011,C012,2026-04-28,Debit,2043.00,Food,BigBasket
TC012012,C012,2026-04-25,Debit,832.00,UPI,Friend Transfer
TC012013,C012,2026-04-15,Debit,4831.00,Travel,Metro Recharge
TC012014,C012,2026-04-02,Debit,1176.00,Bills,Adani Gas
TC012015,C012,2026-04-13,Debit,148.00,Food,Swiggy
TC012016,C012,2026-04-13,Debit,1661.00,Shopping,Amazon
TC012017,C012,2026-04-07,Credit,113222.00,Salary,Company Salary
TC012018,C012,2026-04-23,Debit,4905.00,Shopping,Ajio
TC012019,C012,2026-04-09,Debit,1549.00,UPI,Kirana Store
TC012020,C012,2026-04-09,Debit,501.00,Shopping,DMart
TC013000,C013,2026-04-08,Debit,3492.00,Bills,Adani Gas
TC013001,C013,2026-04-14,Debit,434.00,Travel,IndiGo
TC013002,C013,2026-04-03,Debit,4469.00,UPI,Milk Vendor
TC013003,C013,2026-04-04,Debit,4835.00,UPI,Kirana Store
TC013004,C013,2026-04-12,Credit,78509.00,Salary,Company Salary
TC013005,C013,2026-04-13,Debit,4019.00,Shopping,Flipkart
TC013006,C013,2026-04-17,Debit,2970.00,Travel,Petrol Pump
TC013007,C013,2026-04-27,Debit,2775.00,Food,Swiggy
TC013008,C013,2026-04-12,Debit,4919.00,Shopping,Myntra
TC013009,C013,2026-04-03,Credit,68132.00,Salary,Company Salary
TC013010,C013,2026-04-26,Debit,4698.00,UPI,Friend Transfer
TC013011,C013,2026-04-28,Debit,868.00,Travel,Petrol Pump
TC013012,C013,2026-04-22,Debit,782.00,Bills,TATA Play
TC013013,C013,2026-04-08,Debit,3666.00,UPI,Kirana Store
TC013014,C013,2026-04-21,Debit,3430.00,Shopping,Amazon
TC013015,C013,2026-04-16,Debit,4996.00,Shopping,DMart
TC013016,C013,2026-04-06,Debit,2430.00,Shopping,Ajio
TC013017,C013,2026-04-25,Debit,494.00,Bills,Airtel
TC013018,C013,2026-04-19,Debit,3794.00,Bills,Jio
TC013019,C013,2026-04-21,Debit,1551.00,UPI,Laundry
TC013020,C013,2026-04-11,Debit,842.00,Food,Local Restaurant
TC013021,C013,2026-04-25,Credit,103926.00,Salary,Company Salary
TC014000,C014,2026-04-07,Debit,644.00,UPI,Milk Vendor
TC014001,C014,2026-04-04,Debit,3456.00,Bills,TATA Play
TC014002,C014,2026-04-20,Debit,186.00,Bills,Jio
TC014003,C014,2026-04-16,Debit,2918.00,Shopping,Myntra
TC014004,C014,2026-04-21,Debit,511.00,Food,Zomato
TC014005,C014,2026-04-21,Credit,87175.00,Salary,Company Salary
TC014006,C014,2026-04-10,Debit,2176.00,Food,BigBasket
TC014007,C014,2026-04-21,Debit,573.00,Bills,BESCOM
TC014008,C014,2026-04-11,Debit,2408.00,Bills,TATA Play
TC014009,C014,2026-04-21,Debit,3847.00,Food,McDonalds
TC014010,C014,2026-04-25,Credit,37977.00,Salary,Company Salary
TC014011,C014,2026-04-23,Debit,4120.00,UPI,Laundry
TC014012,C014,2026-04-12,Debit,3325.00,Food,BigBasket
TC014013,C014,2026-04-02,Debit,4843.00,Bills,Adani Gas
TC014014,C014,2026-04-05,Debit,3233.00,Bills,TATA Play
TC014015,C014,2026-04-28,Debit,4084.00,Shopping,Myntra
TC014016,C014,2026-04-08,Debit,4303.00,Travel,Ola
TC014017,C014,2026-04-24,Debit,4148.00,Food,Blinkit
TC014018,C014,2026-04-18,Debit,1575.00,Shopping,Myntra
TC014019,C014,2026-04-10,Debit,2034.00,Bills,BESCOM
TC014020,C014,2026-04-11,Debit,2573.00,Bills,Adani Gas
TC014021,C014,2026-04-04,Debit,1938.00,Food,Blinkit
TC014022,C014,2026-04-15,Debit,2186.00,Travel,Metro Recharge
TC015000,C015,2026-04-14,Debit,4963.00,Food,BigBasket
TC015001,C015,2026-04-05,Debit,2575.00,UPI,Kirana Store
TC015002,C015,2026-04-17,Debit,2554.00,Food,Swiggy
TC015003,C015,2026-04-12,Debit,4677.00,Travel,Petrol Pump
TC015004,C015,2026-04-06,Debit,371.00,Bills,TATA Play
TC015005,C015,2026-04-02,Debit,2689.00,Food,BigBasket
TC015006,C015,2026-04-26,Debit,2326.00,Shopping,Myntra
TC015007,C015,2026-04-19,Credit,107099.00,Salary,Company Salary
TC015008,C015,2026-04-20,Debit,3957.00,UPI,Laundry
TC015009,C015,2026-04-04,Credit,59994.00,Salary,Company Salary
TC015010,C015,2026-04-24,Debit,4752.00,Food,Zomato
TC015011,C015,2026-04-18,Debit,5022.00,Shopping,Myntra
TC015012,C015,2026-04-23,Debit,2672.00,Bills,Adani Gas
TC015013,C015,2026-04-01,Debit,3559.00,UPI,Kirana Store
TC015014,C015,2026-04-19,Debit,802.00,Bills,Jio
TC015015,C015,2026-04-13,Credit,115753.00,Salary,Company Salary
TC015016,C015,2026-04-04,Debit,2621.00,UPI,Friend Transfer
TC015017,C015,2026-04-25,Debit,2717.00,Bills,BESCOM
TC016000,C016,2026-04-16,Debit,4979.00,Food,BigBasket
TC016001,C016,2026-04-22,Debit,2752.00,UPI,Milk Vendor
TC016002,C016,2026-04-03,Debit,4862.00,Travel,IndiGo
TC016003,C016,2026-04-26,Debit,679.00,UPI,Friend Transfer
TC016004,C016,2026-04-03,Debit,973.00,Shopping,Reliance Digital
TC016005,C016,2026-04-12,Debit,5066.00,Food,Swiggy
TC016006,C016,2026-04-08,Debit,2753.00,Food,BigBasket
TC016007,C016,2026-04-21,Debit,2549.00,Shopping,Ajio
TC016008,C016,2026-04-03,Debit,1315.00,Travel,Metro Recharge
TC016009,C016,2026-04-26,Debit,2817.00,UPI,Kirana Store
TC016010,C016,2026-04-08,Debit,4338.00,Travel,IRCTC
TC016011,C016,2026-04-25,Debit,1683.00,Bills,Airtel
TC016012,C016,2026-04-22,Debit,2654.00,Food,McDonalds
TC016013,C016,2026-04-09,Credit,101689.00,Salary,Company Salary
TC016014,C016,2026-04-08,Debit,4507.00,Bills,Adani Gas
TC016015,C016,2026-04-02,Debit,4904.00,Food,Blinkit
TC016016,C016,2026-04-19,Debit,189.00,Travel,IRCTC
TC016017,C016,2026-04-21,Debit,3318.00,Shopping,Amazon
TC016018,C016,2026-04-20,Debit,2946.00,Shopping,Myntra
TC016019,C016,2026-04-13,Debit,1703.00,UPI,Kirana Store
TC017000,C017,2026-04-26,Debit,2981.00,Travel,Metro Recharge
TC017001,C017,2026-04-11,Credit,51717.00,Salary,Company Salary
TC017002,C017,2026-04-18,Debit,3577.00,Bills,BESCOM
TC017003,C017,2026-04-22,Debit,2805.00,Food,BigBasket
TC017004,C017,2026-04-01,Credit,77391.00,Salary,Company Salary
TC017005,C017,2026-04-10,Debit,1097.00,Shopping,Amazon
TC017006,C017,2026-04-17,Credit,49268.00,Salary,Company Salary
TC017007,C017,2026-04-10,Credit,44399.00,Salary,Company Salary
TC017008,C017,2026-04-07,Debit,3884.00,Food,Local Restaurant
TC017009,C017,2026-04-04,Debit,4689.00,Bills,Airtel
TC017010,C017,2026-04-28,Debit,4354.00,Shopping,Ajio
TC017011,C017,2026-04-27,Debit,1009.00,Food,Swiggy
TC017012,C017,2026-04-20,Debit,4373.00,Travel,Petrol Pump
TC017013,C017,2026-04-12,Debit,2252.00,Bills,BESCOM
TC017014,C017,2026-04-11,Debit,1091.00,Food,Zomato
TC017015,C017,2026-04-15,Credit,98624.00,Salary,Company Salary
TC017016,C017,2026-04-06,Debit,4462.00,Bills,Airtel
TC017017,C017,2026-04-25,Debit,4039.00,Bills,BESCOM
TC017018,C017,2026-04-07,Debit,687.00,UPI,Laundry
TC017019,C017,2026-04-01,Credit,62145.00,Salary,Company Salary
TC017020,C017,2026-04-14,Credit,62588.00,Salary,Company Salary
TC017021,C017,2026-04-09,Debit,1343.00,Shopping,Flipkart
TC017022,C017,2026-04-26,Credit,48768.00,Salary,Company Salary
TC017023,C017,2026-04-27,Debit,2231.00,Food,BigBasket
TC018000,C018,2026-04-23,Credit,64278.00,Salary,Company Salary
TC018001,C018,2026-04-16,Debit,953.00,UPI,Friend Transfer
TC018002,C018,2026-04-22,Debit,841.00,Travel,Ola
TC018003,C018,2026-04-07,Debit,396.00,Travel,IRCTC
TC018004,C018,2026-04-28,Debit,2220.00,Shopping,Ajio
TC018005,C018,2026-04-09,Debit,2525.00,Travel,IndiGo
TC018006,C018,2026-04-15,Debit,1172.00,Travel,Uber
TC018007,C018,2026-04-12,Debit,5081.00,Travel,Petrol Pump
TC018008,C018,2026-04-20,Debit,3651.00,Travel,Metro Recharge
TC018009,C018,2026-04-12,Debit,1358.00,Shopping,Ajio
TC018010,C018,2026-04-03,Debit,882.00,Bills,BESCOM
TC018011,C018,2026-04-28,Debit,3034.00,Food,Swiggy
TC018012,C018,2026-04-02,Debit,5084.00,Bills,Jio
TC018013,C018,2026-04-11,Debit,4945.00,Bills,Airtel
TC018014,C018,2026-04-01,Debit,590.00,Travel,IRCTC
TC018015,C018,2026-04-24,Debit,3026.00,Shopping,Flipkart
TC018016,C018,2026-04-22,Debit,425.00,Travel,Petrol Pump
TC018017,C018,2026-04-24,Debit,932.00,Shopping,Ajio
TC018018,C018,2026-04-25,Debit,4817.00,Food,Swiggy
TC018019,C018,2026-04-17,Debit,4393.00,Bills,BESCOM
TC018020,C018,2026-04-07,Credit,90607.00,Salary,Company Salary
TC019000,C019,2026-04-02,Credit,80619.00,Salary,Company Salary
TC019001,C019,2026-04-26,Credit,75096.00,Salary,Company Salary
TC019002,C019,2026-04-26,Debit,1406.00,Shopping,Myntra
TC019003,C019,2026-04-20,Debit,2551.00,UPI,Laundry
TC019004,C019,2026-04-19,Debit,2331.00,UPI,Kirana Store
TC019005,C019,2026-04-17,Debit,656.00,Travel,Ola
TC019006,C019,2026-04-15,Credit,73352.00,Salary,Company Salary
TC019007,C019,2026-04-20,Debit,2093.00,Travel,IndiGo
TC019008,C019,2026-04-21,Debit,4468.00,Bills,Jio
TC019009,C019,2026-04-10,Debit,3955.00,UPI,Laundry
TC019010,C019,2026-04-07,Credit,30240.00,Salary,Company Salary
TC019011,C019,2026-04-01,Debit,4527.00,UPI,Milk Vendor
TC019012,C019,2026-04-17,Debit,3023.00,UPI,Laundry
TC019013,C019,2026-04-10,Debit,1335.00,Bills,Adani Gas
TC019014,C019,2026-04-20,Credit,71468.00,Salary,Company Salary
TC019015,C019,2026-04-11,Debit,1152.00,Food,Zomato
TC019016,C019,2026-04-27,Debit,2921.00,Shopping,Ajio
TC019017,C019,2026-04-11,Debit,4208.00,Bills,BESCOM
TC019018,C019,2026-04-01,Debit,1620.00,Bills,Airtel
TC019019,C019,2026-04-03,Debit,1816.00,UPI,Milk Vendor
TC019020,C019,2026-04-02,Debit,4964.00,Shopping,Amazon
TC019021,C019,2026-04-04,Debit,2937.00,Food,Swiggy
TC019022,C019,2026-04-14,Debit,3313.00,Bills,TATA Play
TC020000,C020,2026-04-25,Credit,43980.00,Salary,Company Salary
TC020001,C020,2026-04-19,Debit,2569.00,Shopping,DMart
TC020002,C020,2026-04-23,Credit,78085.00,Salary,Company Salary
TC020003,C020,2026-04-22,Debit,4761.00,Travel,Petrol Pump
TC020004,C020,2026-04-01,Debit,2823.00,Food,Swiggy
TC020005,C020,2026-04-11,Debit,4374.00,UPI,Milk Vendor
TC020006,C020,2026-04-07,Debit,1290.00,Food,Blinkit
TC020007,C020,2026-04-09,Debit,1975.00,Travel,IRCTC
TC020008,C020,2026-04-22,Debit,1671.00,Travel,Petrol Pump
TC020009,C020,2026-04-01,Credit,60227.00,Salary,Company Salary
TC020010,C020,2026-04-10,Debit,4407.00,Shopping,Ajio
TC020011,C020,2026-04-17,Debit,890.00,Shopping,Flipkart
TC020012,C020,2026-04-28,Debit,3285.00,Shopping,Reliance Digital
TC020013,C020,2026-04-02,Debit,1574.00,Food,Swiggy
TC020014,C020,2026-04-19,Debit,895.00,Bills,Airtel
TC020015,C020,2026-04-04,Credit,90638.00,Salary,Company Salary
TC020016,C020,2026-04-18,Debit,644.00,Travel,IndiGo
TC020017,C020,2026-04-11,Debit,670.00,UPI,Milk Vendor
TC020018,C020,2026-04-16,Debit,1530.00,Shopping,Reliance Digital
TC020019,C020,2026-04-01,Debit,692.00,UPI,Kirana Store
TC020020,C020,2026-04-02,Debit,1398.00,Travel,Uber
TC021000,C021,2026-04-23,Debit,5013.00,Shopping,Myntra
TC021001,C021,2026-04-15,Debit,162.00,UPI,Laundry
TC021002,C021,2026-04-21,Debit,3228.00,Food,McDonalds
TC021003,C021,2026-04-03,Debit,1015.00,Bills,Adani Gas
TC021004,C021,2026-04-24,Debit,2963.00,Shopping,Myntra
TC021005,C021,2026-04-20,Debit,4829.00,Bills,Airtel
TC021006,C021,2026-04-23,Debit,3799.00,Food,Zomato
TC021007,C021,2026-04-12,Credit,95452.00,Salary,Company Salary
TC021008,C021,2026-04-01,Debit,2446.00,Travel,Metro Recharge
TC021009,C021,2026-04-24,Debit,4370.00,Food,McDonalds
TC021010,C021,2026-04-24,Debit,2814.00,Food,BigBasket
TC021011,C021,2026-04-03,Debit,4329.00,Shopping,Amazon
TC021012,C021,2026-04-15,Debit,1832.00,Food,BigBasket
TC021013,C021,2026-04-03,Debit,958.00,Travel,IndiGo
TC021014,C021,2026-04-15,Credit,116721.00,Salary,Company Salary
TC021015,C021,2026-04-22,Debit,3206.00,Shopping,DMart
TC021016,C021,2026-04-09,Credit,79894.00,Salary,Company Salary
TC021017,C021,2026-04-13,Debit,4666.00,Shopping,Ajio
TC021018,C021,2026-04-27,Debit,4311.00,Travel,Ola
TC021019,C021,2026-04-21,Debit,817.00,Shopping,Ajio
TC021020,C021,2026-04-06,Credit,104063.00,Salary,Company Salary
TC021021,C021,2026-04-18,Debit,1734.00,Bills,Adani Gas
TC022000,C022,2026-04-03,Debit,3551.00,Travel,Uber
TC022001,C022,2026-04-16,Debit,1749.00,UPI,Friend Transfer
TC022002,C022,2026-04-10,Debit,2546.00,Travel,Ola
TC022003,C022,2026-04-21,Debit,1462.00,Food,Zomato
TC022004,C022,2026-04-05,Debit,216.00,Bills,TATA Play
TC022005,C022,2026-04-16,Debit,4276.00,Bills,BESCOM
TC022006,C022,2026-04-26,Credit,128202.00,Salary,Company Salary
TC022007,C022,2026-04-14,Debit,4673.00,Bills,Airtel
TC022008,C022,2026-04-03,Debit,1715.00,UPI,Kirana Store
TC022009,C022,2026-04-22,Debit,704.00,Shopping,Amazon
TC022010,C022,2026-04-27,Debit,3129.00,Food,McDonalds
TC022011,C022,2026-04-17,Debit,1480.00,Food,Swiggy
TC022012,C022,2026-04-04,Debit,4344.00,Travel,IndiGo
TC022013,C022,2026-04-26,Debit,3696.00,Bills,Airtel
TC022014,C022,2026-04-20,Debit,4947.00,Shopping,DMart
TC022015,C022,2026-04-03,Debit,3074.00,UPI,Milk Vendor
TC022016,C022,2026-04-11,Debit,2658.00,Bills,Jio
TC022017,C022,2026-04-20,Debit,4145.00,Food,BigBasket
TC022018,C022,2026-04-25,Debit,3109.00,Food,McDonalds
TC022019,C022,2026-04-10,Debit,2932.00,UPI,Kirana Store
TC022020,C022,2026-04-03,Debit,1780.00,UPI,Kirana Store
TC022021,C022,2026-04-28,Debit,166.00,Food,Local Restaurant
TC022022,C022,2026-04-01,Credit,109050.00,Salary,Company Salary
TC022023,C022,2026-04-25,Debit,921.00,Food,Local Restaurant
TC023000,C023,2026-04-10,Credit,101735.00,Salary,Company Salary
TC023001,C023,2026-04-01,Debit,3563.00,Bills,Adani Gas
TC023002,C023,2026-04-20,Debit,2805.00,UPI,Friend Transfer
TC023003,C023,2026-04-08,Credit,97444.00,Salary,Company Salary
TC023004,C023,2026-04-11,Debit,1522.00,UPI,Laundry
TC023005,C023,2026-04-10,Debit,1974.00,Food,Local Restaurant
TC023006,C023,2026-04-26,Debit,2858.00,Shopping,Myntra
TC023007,C023,2026-04-18,Debit,536.00,UPI,Kirana Store
TC023008,C023,2026-04-23,Debit,1565.00,Bills,Jio
TC023009,C023,2026-04-19,Debit,4244.00,Bills,Airtel
TC023010,C023,2026-04-21,Debit,1633.00,Bills,TATA Play
TC023011,C023,2026-04-11,Debit,2464.00,Travel,Ola
TC023012,C023,2026-04-17,Debit,905.00,Shopping,DMart
TC023013,C023,2026-04-04,Debit,4767.00,UPI,Laundry
TC023014,C023,2026-04-27,Debit,4835.00,UPI,Friend Transfer
TC023015,C023,2026-04-13,Credit,99100.00,Salary,Company Salary
TC023016,C023,2026-04-08,Debit,4027.00,Travel,Metro Recharge
TC023017,C023,2026-04-17,Debit,1524.00,Bills,Airtel
TC023018,C023,2026-04-13,Debit,355.00,Bills,BESCOM
TC023019,C023,2026-04-09,Credit,105341.00,Salary,Company Salary
TC023020,C023,2026-04-10,Debit,4544.00,Food,Local Restaurant
TC024000,C024,2026-04-17,Debit,2413.00,Shopping,Ajio
TC024001,C024,2026-04-02,Credit,58484.00,Salary,Company Salary
TC024002,C024,2026-04-25,Credit,38888.00,Salary,Company Salary
TC024003,C024,2026-04-06,Debit,681.00,Bills,TATA Play
TC024004,C024,2026-04-07,Credit,141506.00,Salary,Company Salary
TC024005,C024,2026-04-20,Debit,3491.00,Travel,Petrol Pump
TC024006,C024,2026-04-21,Debit,102.00,Food,Swiggy
TC024007,C024,2026-04-12,Debit,3908.00,UPI,Friend Transfer
TC024008,C024,2026-04-12,Debit,2016.00,UPI,Friend Transfer
TC024009,C024,2026-04-18,Debit,4463.00,UPI,Laundry
TC024010,C024,2026-04-12,Debit,1994.00,Shopping,Amazon
TC024011,C024,2026-04-19,Debit,1168.00,Bills,BESCOM
TC024012,C024,2026-04-18,Debit,4220.00,Food,Blinkit
TC024013,C024,2026-04-21,Debit,3247.00,Shopping,Reliance Digital
TC024014,C024,2026-04-26,Debit,3283.00,Shopping,Myntra
TC024015,C024,2026-04-09,Credit,122522.00,Salary,Company Salary
TC025000,C025,2026-04-12,Debit,391.00,Shopping,Amazon
TC025001,C025,2026-04-20,Credit,80307.00,Salary,Company Salary
TC025002,C025,2026-04-19,Credit,30365.00,Salary,Company Salary
TC025003,C025,2026-04-01,Credit,45141.00,Salary,Company Salary
TC025004,C025,2026-04-01,Debit,2434.00,UPI,Milk Vendor
TC025005,C025,2026-04-22,Debit,4450.00,Shopping,Myntra
TC025006,C025,2026-04-27,Debit,2473.00,Food,Blinkit
TC025007,C025,2026-04-16,Credit,140725.00,Salary,Company Salary
TC025008,C025,2026-04-18,Debit,483.00,Bills,TATA Play
TC025009,C025,2026-04-26,Debit,2582.00,Shopping,Ajio
TC025010,C025,2026-04-07,Debit,3329.00,Shopping,Ajio
TC025011,C025,2026-04-15,Credit,90420.00,Salary,Company Salary
TC025012,C025,2026-04-15,Credit,129236.00,Salary,Company Salary
TC025013,C025,2026-04-18,Debit,4907.00,Food,Zomato
TC025014,C025,2026-04-16,Credit,56856.00,Salary,Company Salary
TC026000,C026,2026-04-24,Debit,2822.00,Travel,Uber
TC026001,C026,2026-04-14,Debit,3166.00,Bills,BESCOM
TC026002,C026,2026-04-02,Debit,1524.00,Travel,IndiGo
TC026003,C026,2026-04-20,Debit,2911.00,Travel,IndiGo
TC026004,C026,2026-04-06,Debit,2703.00,Travel,IRCTC
TC026005,C026,2026-04-25,Debit,1818.00,Bills,BESCOM
TC026006,C026,2026-04-24,Credit,28661.00,Salary,Company Salary
TC026007,C026,2026-04-15,Debit,2216.00,UPI,Kirana Store
TC026008,C026,2026-04-12,Credit,92781.00,Salary,Company Salary
TC026009,C026,2026-04-18,Debit,970.00,Food,Blinkit
TC026010,C026,2026-04-20,Debit,4884.00,Food,Local Restaurant
TC026011,C026,2026-04-16,Credit,91654.00,Salary,Company Salary
TC026012,C026,2026-04-20,Credit,81754.00,Salary,Company Salary
TC026013,C026,2026-04-15,Debit,4196.00,Bills,TATA Play
TC026014,C026,2026-04-23,Debit,3230.00,Travel,IndiGo
TC026015,C026,2026-04-03,Credit,98562.00,Salary,Company Salary
TC026016,C026,2026-04-25,Debit,820.00,Travel,IRCTC
TC026017,C026,2026-04-16,Debit,1991.00,Shopping,Flipkart
TC026018,C026,2026-04-04,Credit,50942.00,Salary,Company Salary
TC026019,C026,2026-04-24,Credit,117520.00,Salary,Company Salary
TC026020,C026,2026-04-09,Debit,2130.00,Bills,Airtel
TC026021,C026,2026-04-25,Debit,2555.00,Food,BigBasket
TC026022,C026,2026-04-21,Debit,4013.00,UPI,Friend Transfer
TC026023,C026,2026-04-20,Credit,118539.00,Salary,Company Salary
TC027000,C027,2026-04-02,Debit,4988.00,Food,McDonalds
TC027001,C027,2026-04-13,Debit,1013.00,Travel,IndiGo
TC027002,C027,2026-04-07,Debit,2972.00,UPI,Laundry
TC027003,C027,2026-04-07,Credit,110155.00,Salary,Company Salary
TC027004,C027,2026-04-10,Debit,1043.00,Travel,Metro Recharge
TC027005,C027,2026-04-03,Credit,127762.00,Salary,Company Salary
TC027006,C027,2026-04-08,Credit,102854.00,Salary,Company Salary
TC027007,C027,2026-04-23,Debit,4925.00,UPI,Milk Vendor
TC027008,C027,2026-04-14,Credit,132506.00,Salary,Company Salary
TC027009,C027,2026-04-10,Debit,4987.00,Bills,Adani Gas
TC027010,C027,2026-04-17,Credit,134507.00,Salary,Company Salary
TC027011,C027,2026-04-15,Debit,3671.00,Bills,Airtel
TC027012,C027,2026-04-09,Debit,3268.00,UPI,Milk Vendor
TC027013,C027,2026-04-23,Debit,771.00,Shopping,Reliance Digital
TC027014,C027,2026-04-20,Debit,4352.00,Bills,Airtel
TC027015,C027,2026-04-15,Debit,1829.00,Food,Blinkit
TC027016,C027,2026-04-14,Debit,1911.00,Travel,IndiGo
TC028000,C028,2026-04-05,Credit,143874.00,Salary,Company Salary
TC028001,C028,2026-04-01,Debit,1061.00,UPI,Kirana Store
TC028002,C028,2026-04-19,Debit,680.00,Bills,TATA Play
TC028003,C028,2026-04-28,Debit,2379.00,Food,Local Restaurant
TC028004,C028,2026-04-28,Debit,900.00,Bills,TATA Play
TC028005,C028,2026-04-27,Debit,1773.00,Shopping,Amazon
TC028006,C028,2026-04-08,Debit,4894.00,Food,Blinkit
TC028007,C028,2026-04-22,Debit,2604.00,Travel,IndiGo
TC028008,C028,2026-04-21,Debit,4028.00,Shopping,Amazon
TC028009,C028,2026-04-09,Debit,3161.00,Bills,Jio
TC028010,C028,2026-04-02,Debit,545.00,UPI,Milk Vendor
TC028011,C028,2026-04-02,Debit,2242.00,Food,Swiggy
TC028012,C028,2026-04-26,Debit,2407.00,Bills,Airtel
TC028013,C028,2026-04-02,Debit,4770.00,Food,McDonalds
TC028014,C028,2026-04-12,Debit,306.00,UPI,Friend Transfer
TC028015,C028,2026-04-17,Debit,4005.00,Bills,BESCOM
TC028016,C028,2026-04-22,Debit,1899.00,Shopping,Flipkart
TC028017,C028,2026-04-10,Debit,3465.00,Shopping,Ajio
TC028018,C028,2026-04-23,Debit,2952.00,Shopping,Myntra
TC028019,C028,2026-04-17,Debit,212.00,Bills,Adani Gas
TC028020,C028,2026-04-08,Debit,3562.00,Bills,Airtel
TC029000,C029,2026-04-08,Credit,65616.00,Salary,Company Salary
TC029001,C029,2026-04-03,Debit,1006.00,UPI,Kirana Store
TC029002,C029,2026-04-14,Debit,4463.00,Bills,TATA Play
TC029003,C029,2026-04-15,Credit,72608.00,Salary,Company Salary
TC029004,C029,2026-04-03,Debit,4567.00,Food,BigBasket
TC029005,C029,2026-04-17,Credit,146458.00,Salary,Company Salary
TC029006,C029,2026-04-21,Credit,135189.00,Salary,Company Salary
TC029007,C029,2026-04-18,Credit,37088.00,Salary,Company Salary
TC029008,C029,2026-04-07,Credit,82133.00,Salary,Company Salary
TC029009,C029,2026-04-08,Debit,896.00,Food,Swiggy
TC029010,C029,2026-04-25,Debit,2188.00,UPI,Laundry
TC029011,C029,2026-04-10,Debit,3452.00,Shopping,Myntra
TC029012,C029,2026-04-02,Debit,3273.00,Bills,BESCOM
TC029013,C029,2026-04-23,Debit,3846.00,Shopping,DMart
TC029014,C029,2026-04-14,Debit,540.00,UPI,Milk Vendor
TC029015,C029,2026-04-08,Credit,57994.00,Salary,Company Salary
TC029016,C029,2026-04-15,Credit,99369.00,Salary,Company Salary
TC029017,C029,2026-04-06,Debit,3431.00,Bills,TATA Play
TC030000,C030,2026-04-07,Debit,4941.00,Travel,Petrol Pump
TC030001,C030,2026-04-22,Debit,2025.00,Food,Swiggy
TC030002,C030,2026-04-27,Debit,4577.00,UPI,Milk Vendor
TC030003,C030,2026-04-05,Credit,117317.00,Salary,Company Salary
TC030004,C030,2026-04-21,Debit,1233.00,Travel,Metro Recharge
TC030005,C030,2026-04-10,Credit,95458.00,Salary,Company Salary
TC030006,C030,2026-04-21,Debit,4662.00,Travel,IRCTC
TC030007,C030,2026-04-06,Debit,184.00,Shopping,Amazon
TC030008,C030,2026-04-21,Credit,143500.00,Salary,Company Salary
TC030009,C030,2026-04-24,Debit,916.00,Bills,TATA Play
TC030010,C030,2026-04-09,Credit,102615.00,Salary,Company Salary
TC030011,C030,2026-04-24,Debit,228.00,Shopping,Reliance Digital
TC030012,C030,2026-04-28,Debit,3264.00,Shopping,Myntra
TC030013,C030,2026-04-28,Debit,1057.00,Bills,Adani Gas
TC030014,C030,2026-04-14,Debit,384.00,Shopping,Flipkart
TC030015,C030,2026-04-25,Debit,1501.00,Bills,BESCOM
TC031000,C031,2026-04-11,Debit,1200.00,Shopping,Flipkart
TC031001,C031,2026-04-28,Debit,4026.00,UPI,Friend Transfer
TC031002,C031,2026-04-02,Credit,144371.00,Salary,Company Salary
TC031003,C031,2026-04-17,Credit,138812.00,Salary,Company Salary
TC031004,C031,2026-04-19,Debit,306.00,Shopping,Reliance Digital
TC031005,C031,2026-04-10,Debit,1913.00,UPI,Milk Vendor
TC031006,C031,2026-04-23,Debit,4355.00,Bills,Adani Gas
TC031007,C031,2026-04-20,Credit,77274.00,Salary,Company Salary
TC031008,C031,2026-04-04,Debit,2687.00,Travel,Metro Recharge
TC031009,C031,2026-04-18,Debit,4682.00,Food,McDonalds
TC031010,C031,2026-04-19,Debit,2539.00,UPI,Kirana Store
TC031011,C031,2026-04-21,Debit,818.00,Travel,IRCTC
TC031012,C031,2026-04-24,Debit,3383.00,Bills,Jio
TC031013,C031,2026-04-09,Debit,4386.00,UPI,Kirana Store
TC031014,C031,2026-04-10,Debit,4744.00,Food,Local Restaurant
TC031015,C031,2026-04-03,Debit,3667.00,Food,Zomato
TC031016,C031,2026-04-16,Debit,2550.00,Travel,IRCTC
TC031017,C031,2026-04-28,Debit,916.00,Travel,IndiGo
TC031018,C031,2026-04-26,Debit,4820.00,Shopping,Reliance Digital
TC031019,C031,2026-04-21,Debit,1750.00,Shopping,Flipkart
TC031020,C031,2026-04-27,Debit,2901.00,Food,Zomato
TC031021,C031,2026-04-04,Debit,975.00,Travel,Petrol Pump
TC031022,C031,2026-04-18,Debit,874.00,Food,Zomato
TC031023,C031,2026-04-27,Debit,4474.00,Bills,TATA Play
TC032000,C032,2026-04-26,Debit,1620.00,Shopping,Reliance Digital
TC032001,C032,2026-04-17,Debit,2491.00,Bills,BESCOM
TC032002,C032,2026-04-08,Debit,398.00,Travel,Metro Recharge
TC032003,C032,2026-04-07,Debit,3906.00,Travel,Metro Recharge
TC032004,C032,2026-04-22,Debit,214.00,Bills,BESCOM
TC032005,C032,2026-04-07,Debit,3136.00,Bills,Jio
TC032006,C032,2026-04-21,Debit,1329.00,Food,Swiggy
TC032007,C032,2026-04-09,Debit,1444.00,Travel,IRCTC
TC032008,C032,2026-04-08,Debit,3677.00,Bills,Jio
TC032009,C032,2026-04-13,Debit,2110.00,Food,Local Restaurant
TC032010,C032,2026-04-14,Debit,848.00,Food,McDonalds
TC032011,C032,2026-04-08,Debit,4053.00,Shopping,DMart
TC032012,C032,2026-04-25,Debit,4948.00,Travel,Ola
TC032013,C032,2026-04-06,Debit,955.00,Food,BigBasket
TC032014,C032,2026-04-20,Debit,3537.00,Travel,IndiGo
TC032015,C032,2026-04-20,Debit,2237.00,Bills,Jio
TC032016,C032,2026-04-11,Debit,873.00,Food,Swiggy
TC032017,C032,2026-04-05,Debit,1136.00,Travel,IndiGo
TC032018,C032,2026-04-01,Debit,3403.00,Travel,IndiGo
TC032019,C032,2026-04-13,Debit,2631.00,Shopping,Ajio
TC033000,C033,2026-04-21,Debit,2795.00,UPI,Kirana Store
TC033001,C033,2026-04-23,Debit,2976.00,Travel,Uber
TC033002,C033,2026-04-12,Debit,442.00,Food,Blinkit
TC033003,C033,2026-04-09,Debit,4739.00,UPI,Laundry
TC033004,C033,2026-04-04,Debit,2463.00,Shopping,Ajio
TC033005,C033,2026-04-03,Debit,3567.00,Travel,Metro Recharge
TC033006,C033,2026-04-20,Debit,212.00,UPI,Friend Transfer
TC033007,C033,2026-04-07,Credit,107117.00,Salary,Company Salary
TC033008,C033,2026-04-15,Debit,3463.00,Bills,TATA Play
TC033009,C033,2026-04-21,Debit,2230.00,Travel,Uber
TC033010,C033,2026-04-18,Credit,70152.00,Salary,Company Salary
TC033011,C033,2026-04-14,Debit,3261.00,Shopping,DMart
TC033012,C033,2026-04-01,Debit,874.00,Food,BigBasket
TC033013,C033,2026-04-08,Debit,2364.00,Food,Swiggy
TC033014,C033,2026-04-17,Debit,4751.00,UPI,Laundry
TC033015,C033,2026-04-08,Debit,1758.00,Bills,Airtel
TC033016,C033,2026-04-03,Debit,831.00,UPI,Kirana Store
TC034000,C034,2026-04-04,Debit,2946.00,Travel,IndiGo
TC034001,C034,2026-04-18,Debit,426.00,UPI,Kirana Store
TC034002,C034,2026-04-28,Debit,350.00,Shopping,Myntra
TC034003,C034,2026-04-03,Debit,2135.00,Bills,Jio
TC034004,C034,2026-04-01,Debit,4232.00,Food,Swiggy
TC034005,C034,2026-04-04,Credit,31647.00,Salary,Company Salary
TC034006,C034,2026-04-02,Credit,137862.00,Salary,Company Salary
TC034007,C034,2026-04-19,Debit,4829.00,Food,BigBasket
TC034008,C034,2026-04-22,Debit,3856.00,UPI,Laundry
TC034009,C034,2026-04-18,Debit,4055.00,Travel,Petrol Pump
TC034010,C034,2026-04-11,Debit,279.00,UPI,Friend Transfer
TC034011,C034,2026-04-05,Debit,4097.00,Shopping,Amazon
TC034012,C034,2026-04-28,Debit,1699.00,UPI,Friend Transfer
TC034013,C034,2026-04-11,Credit,51169.00,Salary,Company Salary
TC034014,C034,2026-04-12,Debit,1165.00,Food,BigBasket
TC034015,C034,2026-04-21,Debit,3045.00,Bills,Jio
TC034016,C034,2026-04-22,Debit,3883.00,UPI,Friend Transfer
TC034017,C034,2026-04-12,Debit,4199.00,Travel,Metro Recharge
TC034018,C034,2026-04-26,Debit,3097.00,Shopping,Amazon
TC034019,C034,2026-04-25,Debit,298.00,UPI,Laundry
TC034020,C034,2026-04-08,Debit,4502.00,UPI,Laundry
TC034021,C034,2026-04-22,Credit,140506.00,Salary,Company Salary
TC035000,C035,2026-04-02,Debit,1704.00,Shopping,Reliance Digital
TC035001,C035,2026-04-27,Debit,2477.00,Bills,Airtel
TC035002,C035,2026-04-07,Credit,147695.00,Salary,Company Salary
TC035003,C035,2026-04-05,Debit,168.00,Travel,Petrol Pump
TC035004,C035,2026-04-20,Credit,47265.00,Salary,Company Salary
TC035005,C035,2026-04-16,Debit,2147.00,Shopping,DMart
TC035006,C035,2026-04-05,Debit,411.00,Shopping,Flipkart
TC035007,C035,2026-04-20,Debit,2462.00,Shopping,Reliance Digital
TC035008,C035,2026-04-23,Debit,1524.00,Food,Zomato
TC035009,C035,2026-04-20,Credit,28886.00,Salary,Company Salary
TC035010,C035,2026-04-27,Credit,103486.00,Salary,Company Salary
TC035011,C035,2026-04-06,Debit,4471.00,Bills,Jio
TC035012,C035,2026-04-10,Debit,3720.00,Shopping,DMart
TC035013,C035,2026-04-17,Debit,4900.00,UPI,Laundry
TC035014,C035,2026-04-03,Debit,4401.00,Shopping,Ajio
TC035015,C035,2026-04-21,Credit,44389.00,Salary,Company Salary
TC036000,C036,2026-04-15,Credit,82024.00,Salary,Company Salary
TC036001,C036,2026-04-06,Debit,2772.00,Bills,Jio
TC036002,C036,2026-04-03,Credit,49528.00,Salary,Company Salary
TC036003,C036,2026-04-25,Debit,2963.00,UPI,Kirana Store
TC036004,C036,2026-04-11,Debit,4745.00,UPI,Kirana Store
TC036005,C036,2026-04-24,Debit,1549.00,Bills,TATA Play
TC036006,C036,2026-04-01,Credit,103774.00,Salary,Company Salary
TC036007,C036,2026-04-24,Debit,3927.00,UPI,Laundry
TC036008,C036,2026-04-08,Debit,1561.00,Shopping,Flipkart
TC036009,C036,2026-04-06,Debit,2759.00,Food,BigBasket
TC036010,C036,2026-04-04,Debit,3320.00,Shopping,Amazon
TC036011,C036,2026-04-22,Debit,1623.00,UPI,Kirana Store
TC036012,C036,2026-04-05,Debit,3827.00,Shopping,Myntra
TC036013,C036,2026-04-12,Debit,2100.00,Bills,Jio
TC036014,C036,2026-04-13,Debit,3954.00,Bills,Jio
TC036015,C036,2026-04-17,Debit,2987.00,Travel,Metro Recharge
TC037000,C037,2026-04-23,Debit,935.00,UPI,Milk Vendor
TC037001,C037,2026-04-26,Debit,4313.00,UPI,Laundry
TC037002,C037,2026-04-09,Debit,3781.00,UPI,Friend Transfer
TC037003,C037,2026-04-20,Debit,117.00,Food,BigBasket
TC037004,C037,2026-04-01,Debit,1107.00,Food,Zomato
TC037005,C037,2026-04-03,Debit,4930.00,Bills,Jio
TC037006,C037,2026-04-23,Debit,5029.00,Shopping,Ajio
TC037007,C037,2026-04-11,Debit,3104.00,UPI,Kirana Store
TC037008,C037,2026-04-09,Debit,5032.00,Bills,Airtel
TC037009,C037,2026-04-23,Debit,3439.00,Food,Blinkit
TC037010,C037,2026-04-16,Debit,1268.00,Food,Local Restaurant
TC037011,C037,2026-04-01,Debit,3801.00,Bills,Adani Gas
TC037012,C037,2026-04-17,Debit,2029.00,UPI,Friend Transfer
TC037013,C037,2026-04-22,Debit,961.00,UPI,Laundry
TC037014,C037,2026-04-11,Debit,3300.00,Bills,BESCOM
TC037015,C037,2026-04-12,Debit,615.00,Bills,Jio
TC038000,C038,2026-04-10,Debit,356.00,Food,McDonalds
TC038001,C038,2026-04-28,Debit,4553.00,Bills,TATA Play
TC038002,C038,2026-04-11,Credit,63885.00,Salary,Company Salary
TC038003,C038,2026-04-09,Credit,90492.00,Salary,Company Salary
TC038004,C038,2026-04-15,Credit,128030.00,Salary,Company Salary
TC038005,C038,2026-04-15,Debit,229.00,UPI,Milk Vendor
TC038006,C038,2026-04-08,Debit,1875.00,UPI,Kirana Store
TC038007,C038,2026-04-14,Debit,3938.00,Travel,IndiGo
TC038008,C038,2026-04-04,Debit,2004.00,Shopping,Ajio
TC038009,C038,2026-04-02,Debit,3284.00,UPI,Friend Transfer
TC038010,C038,2026-04-05,Debit,513.00,UPI,Milk Vendor
TC038011,C038,2026-04-14,Debit,2014.00,Food,Blinkit
TC038012,C038,2026-04-04,Credit,67701.00,Salary,Company Salary
TC038013,C038,2026-04-12,Debit,3254.00,Food,McDonalds
TC038014,C038,2026-04-02,Debit,4424.00,Bills,Jio
TC038015,C038,2026-04-03,Debit,3117.00,Shopping,Flipkart
TC038016,C038,2026-04-16,Credit,99849.00,Salary,Company Salary
TC038017,C038,2026-04-15,Credit,117365.00,Salary,Company Salary
TC038018,C038,2026-04-22,Debit,2094.00,Bills,BESCOM
TC038019,C038,2026-04-12,Credit,61481.00,Salary,Company Salary
TC038020,C038,2026-04-21,Debit,3594.00,Shopping,DMart
TC038021,C038,2026-04-23,Credit,53716.00,Salary,Company Salary
TC038022,C038,2026-04-14,Debit,3512.00,Travel,Ola
TC038023,C038,2026-04-05,Debit,205.00,Bills,Jio
TC039000,C039,2026-04-23,Debit,292.00,Food,Swiggy
TC039001,C039,2026-04-20,Debit,1592.00,Travel,IndiGo
TC039002,C039,2026-04-21,Debit,1489.00,Shopping,DMart
TC039003,C039,2026-04-04,Debit,3550.00,Shopping,Reliance Digital
TC039004,C039,2026-04-28,Debit,4337.00,Food,Zomato
TC039005,C039,2026-04-22,Debit,1692.00,UPI,Kirana Store
TC039006,C039,2026-04-16,Credit,94238.00,Salary,Company Salary
TC039007,C039,2026-04-14,Debit,1500.00,UPI,Kirana Store
TC039008,C039,2026-04-02,Credit,32590.00,Salary,Company Salary
TC039009,C039,2026-04-22,Debit,4996.00,Shopping,Ajio
TC039010,C039,2026-04-14,Debit,2086.00,Food,Blinkit
TC039011,C039,2026-04-25,Debit,2976.00,UPI,Laundry
TC039012,C039,2026-04-08,Debit,2473.00,Bills,Airtel
TC039013,C039,2026-04-08,Debit,3866.00,Food,Blinkit
TC039014,C039,2026-04-02,Debit,3274.00,Travel,Petrol Pump
TC039015,C039,2026-04-20,Debit,2737.00,Food,Blinkit
TC039016,C039,2026-04-21,Debit,2024.00,Travel,IndiGo
TC039017,C039,2026-04-20,Debit,2410.00,Travel,Metro Recharge
TC039018,C039,2026-04-02,Credit,104964.00,Salary,Company Salary
TC040000,C040,2026-04-04,Debit,2325.00,Food,BigBasket
TC040001,C040,2026-04-06,Debit,3724.00,UPI,Kirana Store
TC040002,C040,2026-04-14,Debit,1543.00,Food,Blinkit
TC040003,C040,2026-04-18,Credit,142335.00,Salary,Company Salary
TC040004,C040,2026-04-10,Debit,2795.00,Food,McDonalds
TC040005,C040,2026-04-18,Debit,843.00,Food,Swiggy
TC040006,C040,2026-04-23,Debit,547.00,Shopping,Myntra
TC040007,C040,2026-04-07,Credit,74065.00,Salary,Company Salary
TC040008,C040,2026-04-22,Debit,3675.00,Bills,TATA Play
TC040009,C040,2026-04-21,Debit,468.00,Food,Blinkit
TC040010,C040,2026-04-03,Debit,2878.00,Bills,Jio
TC040011,C040,2026-04-01,Debit,2893.00,Bills,Adani Gas
TC040012,C040,2026-04-07,Debit,3924.00,Travel,Uber
TC040013,C040,2026-04-26,Debit,2711.00,Travel,IndiGo
TC040014,C040,2026-04-03,Debit,4743.00,UPI,Friend Transfer
TC041000,C041,2026-04-12,Debit,1019.00,Bills,TATA Play
TC041001,C041,2026-04-16,Credit,102960.00,Salary,Company Salary
TC041002,C041,2026-04-24,Debit,3961.00,UPI,Laundry
TC041003,C041,2026-04-25,Debit,825.00,UPI,Kirana Store
TC041004,C041,2026-04-18,Debit,3478.00,Shopping,Reliance Digital
TC041005,C041,2026-04-10,Debit,2542.00,UPI,Friend Transfer
TC041006,C041,2026-04-03,Credit,141086.00,Salary,Company Salary
TC041007,C041,2026-04-12,Debit,680.00,Food,Zomato
TC041008,C041,2026-04-13,Debit,4002.00,UPI,Kirana Store
TC041009,C041,2026-04-20,Debit,4773.00,Food,Swiggy
TC041010,C041,2026-04-22,Debit,4440.00,Shopping,Myntra
TC041011,C041,2026-04-28,Debit,5015.00,Travel,IRCTC
TC041012,C041,2026-04-21,Debit,780.00,Bills,Airtel
TC041013,C041,2026-04-09,Credit,88148.00,Salary,Company Salary
TC041014,C041,2026-04-15,Debit,573.00,Bills,Jio
TC041015,C041,2026-04-04,Debit,4235.00,UPI,Kirana Store
TC042000,C042,2026-04-28,Credit,42886.00,Salary,Company Salary
TC042001,C042,2026-04-01,Credit,109680.00,Salary,Company Salary
TC042002,C042,2026-04-01,Debit,2994.00,Travel,Uber
TC042003,C042,2026-04-12,Debit,167.00,Food,BigBasket
TC042004,C042,2026-04-14,Debit,4198.00,Bills,Jio
TC042005,C042,2026-04-14,Credit,135515.00,Salary,Company Salary
TC042006,C042,2026-04-20,Debit,1507.00,Food,Blinkit
TC042007,C042,2026-04-20,Debit,3415.00,Travel,Metro Recharge
TC042008,C042,2026-04-23,Debit,1129.00,UPI,Kirana Store
TC042009,C042,2026-04-14,Debit,4195.00,Food,Swiggy
TC042010,C042,2026-04-01,Credit,147707.00,Salary,Company Salary
TC042011,C042,2026-04-08,Debit,1807.00,Shopping,Myntra
TC042012,C042,2026-04-28,Debit,2342.00,Bills,BESCOM
TC042013,C042,2026-04-11,Credit,77263.00,Salary,Company Salary
TC042014,C042,2026-04-28,Debit,3511.00,Bills,Jio
TC042015,C042,2026-04-17,Debit,3755.00,Travel,Metro Recharge
TC042016,C042,2026-04-23,Debit,2399.00,Bills,Airtel
TC042017,C042,2026-04-04,Debit,756.00,Shopping,Myntra
TC042018,C042,2026-04-09,Debit,1963.00,Travel,Uber
TC042019,C042,2026-04-13,Debit,1647.00,Bills,Airtel
TC042020,C042,2026-04-01,Debit,1731.00,UPI,Friend Transfer
TC043000,C043,2026-04-15,Debit,2547.00,UPI,Kirana Store
TC043001,C043,2026-04-02,Credit,94839.00,Salary,Company Salary
TC043002,C043,2026-04-02,Debit,2041.00,Food,Zomato
TC043003,C043,2026-04-27,Debit,744.00,Shopping,Flipkart
TC043004,C043,2026-04-23,Debit,4095.00,Shopping,Amazon
TC043005,C043,2026-04-24,Debit,1951.00,UPI,Kirana Store
TC043006,C043,2026-04-20,Debit,1884.00,UPI,Laundry
TC043007,C043,2026-04-27,Debit,1294.00,Travel,Metro Recharge
TC043008,C043,2026-04-16,Debit,2726.00,Food,BigBasket
TC043009,C043,2026-04-24,Credit,67918.00,Salary,Company Salary
TC043010,C043,2026-04-18,Debit,1029.00,Food,Local Restaurant
TC043011,C043,2026-04-04,Debit,4648.00,Travel,Ola
TC043012,C043,2026-04-24,Credit,137612.00,Salary,Company Salary
TC043013,C043,2026-04-03,Debit,1909.00,UPI,Kirana Store
TC043014,C043,2026-04-07,Debit,4344.00,Travel,IRCTC
TC043015,C043,2026-04-09,Debit,1379.00,Food,McDonalds
TC043016,C043,2026-04-02,Debit,3622.00,Bills,TATA Play
TC043017,C043,2026-04-16,Debit,4207.00,Bills,Airtel
TC043018,C043,2026-04-05,Debit,3923.00,Bills,Jio
TC043019,C043,2026-04-23,Debit,3722.00,Food,Blinkit
TC043020,C043,2026-04-15,Debit,3060.00,Food,BigBasket
TC043021,C043,2026-04-11,Debit,1595.00,UPI,Laundry
TC044000,C044,2026-04-21,Debit,1512.00,Food,Blinkit
TC044001,C044,2026-04-05,Debit,4276.00,Food,Swiggy
TC044002,C044,2026-04-11,Debit,3482.00,Travel,IndiGo
TC044003,C044,2026-04-15,Debit,622.00,Travel,IRCTC
TC044004,C044,2026-04-07,Debit,1575.00,Travel,IndiGo
TC044005,C044,2026-04-03,Debit,3859.00,Travel,Petrol Pump
TC044006,C044,2026-04-21,Debit,4829.00,Food,Swiggy
TC044007,C044,2026-04-06,Debit,2220.00,Food,Swiggy
TC044008,C044,2026-04-02,Debit,4438.00,Travel,Petrol Pump
TC044009,C044,2026-04-28,Debit,2854.00,Bills,Airtel
TC044010,C044,2026-04-18,Debit,315.00,Bills,BESCOM
TC044011,C044,2026-04-17,Debit,309.00,Bills,Jio
TC044012,C044,2026-04-02,Debit,1127.00,Shopping,DMart
TC044013,C044,2026-04-03,Debit,3097.00,UPI,Kirana Store
TC044014,C044,2026-04-14,Debit,3065.00,Shopping,Amazon
TC044015,C044,2026-04-09,Debit,4436.00,Travel,Uber
TC045000,C045,2026-04-14,Debit,3999.00,Food,Local Restaurant
TC045001,C045,2026-04-09,Debit,4958.00,Food,Zomato
TC045002,C045,2026-04-06,Debit,1054.00,Food,Swiggy
TC045003,C045,2026-04-04,Debit,3066.00,UPI,Laundry
TC045004,C045,2026-04-05,Credit,148602.00,Salary,Company Salary
TC045005,C045,2026-04-10,Debit,2194.00,Food,Blinkit
TC045006,C045,2026-04-03,Credit,134257.00,Salary,Company Salary
TC045007,C045,2026-04-01,Debit,2942.00,Food,BigBasket
TC045008,C045,2026-04-24,Debit,2537.00,Travel,Uber
TC045009,C045,2026-04-24,Debit,3127.00,Food,Blinkit
TC045010,C045,2026-04-23,Debit,3859.00,Food,Blinkit
TC045011,C045,2026-04-04,Debit,3656.00,Shopping,Ajio
TC045012,C045,2026-04-21,Debit,1207.00,UPI,Friend Transfer
TC045013,C045,2026-04-06,Debit,833.00,Food,Blinkit
TC045014,C045,2026-04-27,Debit,1853.00,UPI,Friend Transfer
TC045015,C045,2026-04-04,Debit,4233.00,Shopping,Ajio
TC045016,C045,2026-04-16,Debit,3866.00,Bills,BESCOM
TC045017,C045,2026-04-17,Debit,1493.00,Food,Zomato
TC045018,C045,2026-04-23,Debit,5023.00,Shopping,Flipkart
TC045019,C045,2026-04-08,Credit,51219.00,Salary,Company Salary
TC045020,C045,2026-04-20,Credit,96626.00,Salary,Company Salary
TC045021,C045,2026-04-26,Credit,79602.00,Salary,Company Salary
TC045022,C045,2026-04-07,Debit,2346.00,UPI,Kirana Store
TC045023,C045,2026-04-16,Debit,2458.00,Food,McDonalds
TC046000,C046,2026-04-12,Debit,966.00,UPI,Milk Vendor
TC046001,C046,2026-04-02,Debit,3203.00,Travel,Metro Recharge
TC046002,C046,2026-04-23,Debit,1605.00,Food,BigBasket
TC046003,C046,2026-04-21,Debit,2445.00,Food,Swiggy
TC046004,C046,2026-04-08,Debit,2751.00,Travel,Metro Recharge
TC046005,C046,2026-04-24,Debit,3828.00,Travel,IRCTC
TC046006,C046,2026-04-04,Debit,2434.00,Food,Zomato
TC046007,C046,2026-04-21,Debit,3008.00,Travel,IndiGo
TC046008,C046,2026-04-07,Debit,4944.00,Food,Local Restaurant
TC046009,C046,2026-04-03,Debit,3632.00,Shopping,Myntra
TC046010,C046,2026-04-25,Debit,2490.00,Bills,Adani Gas
TC046011,C046,2026-04-11,Credit,78427.00,Salary,Company Salary
TC046012,C046,2026-04-26,Debit,3736.00,Travel,Uber
TC046013,C046,2026-04-09,Debit,4485.00,Shopping,Amazon
TC046014,C046,2026-04-28,Debit,3820.00,Shopping,Ajio
TC046015,C046,2026-04-03,Debit,3754.00,Food,Blinkit
TC046016,C046,2026-04-22,Debit,975.00,Travel,IndiGo
TC046017,C046,2026-04-26,Credit,116520.00,Salary,Company Salary
TC046018,C046,2026-04-14,Debit,180.00,Shopping,Ajio
TC046019,C046,2026-04-18,Debit,3916.00,Travel,Ola
TC046020,C046,2026-04-08,Debit,3031.00,Food,BigBasket
TC046021,C046,2026-04-20,Debit,4730.00,Bills,Jio
TC046022,C046,2026-04-09,Debit,575.00,UPI,Kirana Store
TC046023,C046,2026-04-10,Debit,4044.00,UPI,Kirana Store
TC047000,C047,2026-04-27,Debit,2318.00,Food,BigBasket
TC047001,C047,2026-04-19,Debit,3119.00,Travel,Ola
TC047002,C047,2026-04-27,Debit,4688.00,Shopping,Ajio
TC047003,C047,2026-04-21,Debit,4461.00,Travel,IndiGo
TC047004,C047,2026-04-15,Debit,2329.00,Shopping,Flipkart
TC047005,C047,2026-04-23,Debit,3530.00,Shopping,Flipkart
TC047006,C047,2026-04-08,Debit,633.00,Bills,TATA Play
TC047007,C047,2026-04-17,Debit,1040.00,Food,Zomato
TC047008,C047,2026-04-19,Credit,139959.00,Salary,Company Salary
TC047009,C047,2026-04-22,Debit,183.00,Travel,IndiGo
TC047010,C047,2026-04-18,Credit,34962.00,Salary,Company Salary
TC047011,C047,2026-04-07,Credit,106978.00,Salary,Company Salary
TC047012,C047,2026-04-02,Credit,136520.00,Salary,Company Salary
TC047013,C047,2026-04-14,Debit,1570.00,Food,Zomato
TC047014,C047,2026-04-18,Debit,996.00,Shopping,Flipkart
TC047015,C047,2026-04-09,Debit,622.00,Food,Zomato
TC047016,C047,2026-04-04,Debit,1980.00,Shopping,DMart
TC047017,C047,2026-04-06,Debit,884.00,Food,Local Restaurant
TC047018,C047,2026-04-04,Debit,1614.00,Travel,Petrol Pump
TC047019,C047,2026-04-18,Debit,3793.00,Shopping,Reliance Digital
TC047020,C047,2026-04-10,Credit,87288.00,Salary,Company Salary
TC047021,C047,2026-04-15,Debit,2163.00,Shopping,Myntra
TC048000,C048,2026-04-21,Credit,36399.00,Salary,Company Salary
TC048001,C048,2026-04-09,Debit,3380.00,Shopping,Flipkart
TC048002,C048,2026-04-18,Credit,59433.00,Salary,Company Salary
TC048003,C048,2026-04-27,Debit,4972.00,Shopping,Ajio
TC048004,C048,2026-04-24,Credit,87197.00,Salary,Company Salary
TC048005,C048,2026-04-25,Debit,694.00,UPI,Laundry
TC048006,C048,2026-04-19,Debit,4778.00,Bills,BESCOM
TC048007,C048,2026-04-03,Debit,3015.00,Food,Local Restaurant
TC048008,C048,2026-04-18,Debit,1367.00,Bills,TATA Play
TC048009,C048,2026-04-28,Debit,1625.00,Travel,Petrol Pump
TC048010,C048,2026-04-23,Debit,233.00,UPI,Laundry
TC048011,C048,2026-04-10,Debit,3381.00,Travel,Metro Recharge
TC048012,C048,2026-04-19,Debit,4294.00,UPI,Kirana Store
TC048013,C048,2026-04-13,Debit,4542.00,Shopping,Ajio
TC048014,C048,2026-04-04,Debit,137.00,Travel,IRCTC
TC048015,C048,2026-04-26,Credit,65148.00,Salary,Company Salary
TC048016,C048,2026-04-25,Debit,4664.00,Travel,Petrol Pump
TC048017,C048,2026-04-28,Debit,3916.00,Travel,IRCTC
TC048018,C048,2026-04-17,Debit,4591.00,Shopping,Myntra
TC049000,C049,2026-04-26,Credit,25193.00,Salary,Company Salary
TC049001,C049,2026-04-12,Debit,408.00,UPI,Friend Transfer
TC049002,C049,2026-04-14,Debit,4053.00,Travel,Uber
TC049003,C049,2026-04-09,Debit,4208.00,Food,Zomato
TC049004,C049,2026-04-24,Debit,2138.00,UPI,Laundry
TC049005,C049,2026-04-26,Credit,41151.00,Salary,Company Salary
TC049006,C049,2026-04-16,Debit,1450.00,Food,Zomato
TC049007,C049,2026-04-26,Debit,2282.00,UPI,Friend Transfer
TC049008,C049,2026-04-16,Debit,792.00,Shopping,Amazon
TC049009,C049,2026-04-25,Credit,48395.00,Salary,Company Salary
TC049010,C049,2026-04-16,Debit,3765.00,UPI,Kirana Store
TC049011,C049,2026-04-14,Credit,48712.00,Salary,Company Salary
TC049012,C049,2026-04-04,Debit,2221.00,Shopping,Reliance Digital
TC049013,C049,2026-04-15,Debit,4854.00,Bills,Airtel
TC049014,C049,2026-04-14,Debit,3384.00,Bills,Jio
TC049015,C049,2026-04-24,Debit,4043.00,Food,McDonalds
TC049016,C049,2026-04-10,Credit,57297.00,Salary,Company Salary
TC049017,C049,2026-04-10,Debit,1301.00,Food,Swiggy
TC049018,C049,2026-04-10,Debit,4946.00,Food,Swiggy
TC049019,C049,2026-04-26,Debit,5089.00,Bills,BESCOM
TC049020,C049,2026-04-06,Credit,111328.00,Salary,Company Salary
TC049021,C049,2026-04-17,Credit,29313.00,Salary,Company Salary
TC050000,C050,2026-04-04,Debit,920.00,Shopping,Reliance Digital
TC050001,C050,2026-04-11,Debit,433.00,Bills,TATA Play
TC050002,C050,2026-04-21,Debit,2682.00,Shopping,Ajio
TC050003,C050,2026-04-21,Debit,3059.00,UPI,Kirana Store
TC050004,C050,2026-04-18,Credit,98201.00,Salary,Company Salary
TC050005,C050,2026-04-25,Debit,3582.00,UPI,Kirana Store
TC050006,C050,2026-04-13,Debit,4057.00,Food,Local Restaurant
TC050007,C050,2026-04-24,Debit,173.00,Shopping,Reliance Digital
TC050008,C050,2026-04-21,Debit,3014.00,Food,Zomato
TC050009,C050,2026-04-08,Debit,3803.00,Shopping,Amazon
TC050010,C050,2026-04-11,Debit,3604.00,UPI,Laundry
TC050011,C050,2026-04-17,Debit,2786.00,Bills,Airtel
TC050012,C050,2026-04-09,Debit,3257.00,UPI,Friend Transfer
TC050013,C050,2026-04-26,Debit,1149.00,Bills,TATA Play
TC050014,C050,2026-04-04,Debit,4137.00,Bills,Adani Gas
TC050015,C050,2026-04-25,Debit,411.00,Bills,Adani Gas
TC050016,C050,2026-04-06,Debit,2942.00,UPI,Friend Transfer
TC050017,C050,2026-04-18,Debit,1838.00,Bills,TATA Play
TC050018,C050,2026-04-08,Debit,4896.00,Bills,Jio
TC050019,C050,2026-04-12,Debit,317.00,Shopping,Flipkart
TC051000,C051,2026-04-28,Debit,1162.00,Travel,Petrol Pump
TC051001,C051,2026-04-14,Debit,2810.00,Shopping,Reliance Digital
TC051002,C051,2026-04-10,Debit,866.00,Food,BigBasket
TC051003,C051,2026-04-14,Debit,1104.00,Shopping,Flipkart
TC051004,C051,2026-04-12,Debit,880.00,Food,Zomato
TC051005,C051,2026-04-18,Debit,2598.00,Bills,Adani Gas
TC051006,C051,2026-04-16,Debit,4813.00,UPI,Kirana Store
TC051007,C051,2026-04-22,Debit,3878.00,Travel,Metro Recharge
TC051008,C051,2026-04-17,Debit,4105.00,Travel,Ola
TC051009,C051,2026-04-12,Credit,90174.00,Salary,Company Salary
TC051010,C051,2026-04-08,Debit,530.00,Bills,Airtel
TC051011,C051,2026-04-14,Debit,4148.00,Shopping,Myntra
TC051012,C051,2026-04-14,Debit,1442.00,Bills,TATA Play
TC051013,C051,2026-04-08,Debit,3065.00,UPI,Milk Vendor
TC051014,C051,2026-04-23,Debit,3276.00,UPI,Laundry
TC052000,C052,2026-04-05,Debit,3272.00,Travel,IndiGo
TC052001,C052,2026-04-01,Debit,4980.00,Food,Zomato
TC052002,C052,2026-04-06,Debit,107.00,Travel,Uber
TC052003,C052,2026-04-07,Debit,4676.00,Travel,Petrol Pump
TC052004,C052,2026-04-11,Credit,115947.00,Salary,Company Salary
TC052005,C052,2026-04-13,Debit,1605.00,Food,BigBasket
TC052006,C052,2026-04-24,Debit,407.00,Bills,Adani Gas
TC052007,C052,2026-04-02,Debit,1152.00,UPI,Milk Vendor
TC052008,C052,2026-04-02,Credit,96412.00,Salary,Company Salary
TC052009,C052,2026-04-14,Credit,90703.00,Salary,Company Salary
TC052010,C052,2026-04-25,Debit,4708.00,UPI,Friend Transfer
TC052011,C052,2026-04-11,Debit,2768.00,Travel,Metro Recharge
TC052012,C052,2026-04-21,Credit,39839.00,Salary,Company Salary
TC052013,C052,2026-04-14,Debit,3039.00,Shopping,DMart
TC052014,C052,2026-04-18,Debit,5007.00,Shopping,Ajio
TC052015,C052,2026-04-09,Debit,2352.00,Food,Blinkit
TC053000,C053,2026-04-03,Debit,260.00,Bills,TATA Play
TC053001,C053,2026-04-02,Debit,1026.00,UPI,Laundry
TC053002,C053,2026-04-24,Credit,138754.00,Salary,Company Salary
TC053003,C053,2026-04-16,Debit,2674.00,Shopping,Flipkart
TC053004,C053,2026-04-25,Debit,5040.00,Food,Zomato
TC053005,C053,2026-04-06,Debit,1197.00,Food,McDonalds
TC053006,C053,2026-04-01,Credit,113584.00,Salary,Company Salary
TC053007,C053,2026-04-06,Debit,3091.00,Bills,Jio
TC053008,C053,2026-04-27,Debit,1162.00,Bills,Jio
TC053009,C053,2026-04-09,Debit,3818.00,Bills,Adani Gas
TC053010,C053,2026-04-15,Debit,132.00,Bills,Jio
TC053011,C053,2026-04-28,Debit,4551.00,Bills,Adani Gas
TC053012,C053,2026-04-04,Debit,1956.00,Food,Blinkit
TC053013,C053,2026-04-10,Debit,3716.00,Shopping,Ajio
TC053014,C053,2026-04-21,Debit,337.00,UPI,Friend Transfer
TC053015,C053,2026-04-01,Debit,3199.00,UPI,Milk Vendor
TC053016,C053,2026-04-02,Debit,3962.00,Bills,TATA Play
TC053017,C053,2026-04-07,Debit,4678.00,Bills,BESCOM
TC053018,C053,2026-04-03,Debit,2073.00,Travel,Ola
TC053019,C053,2026-04-18,Debit,2546.00,Bills,BESCOM
TC053020,C053,2026-04-27,Credit,31277.00,Salary,Company Salary
TC053021,C053,2026-04-12,Debit,3743.00,Bills,TATA Play
TC054000,C054,2026-04-19,Debit,3458.00,Shopping,DMart
TC054001,C054,2026-04-18,Debit,605.00,Food,Swiggy
TC054002,C054,2026-04-22,Debit,2626.00,Travel,Ola
TC054003,C054,2026-04-25,Debit,3793.00,UPI,Friend Transfer
TC054004,C054,2026-04-15,Debit,3315.00,Shopping,Ajio
TC054005,C054,2026-04-11,Debit,3243.00,UPI,Milk Vendor
TC054006,C054,2026-04-28,Debit,854.00,Bills,TATA Play
TC054007,C054,2026-04-22,Debit,985.00,UPI,Laundry
TC054008,C054,2026-04-28,Debit,2234.00,Food,McDonalds
TC054009,C054,2026-04-04,Debit,865.00,Food,McDonalds
TC054010,C054,2026-04-11,Debit,1984.00,Bills,Jio
TC054011,C054,2026-04-04,Debit,4366.00,Bills,Adani Gas
TC054012,C054,2026-04-07,Debit,4537.00,Food,McDonalds
TC054013,C054,2026-04-08,Debit,2290.00,Bills,Jio
TC054014,C054,2026-04-17,Credit,144832.00,Salary,Company Salary
TC054015,C054,2026-04-09,Debit,4573.00,Food,Swiggy
TC054016,C054,2026-04-12,Debit,4364.00,UPI,Milk Vendor
TC054017,C054,2026-04-07,Debit,3993.00,Food,BigBasket
TC054018,C054,2026-04-08,Debit,3387.00,UPI,Laundry
TC054019,C054,2026-04-11,Debit,1168.00,Bills,BESCOM
TC055000,C055,2026-04-21,Debit,4055.00,Food,Local Restaurant
TC055001,C055,2026-04-19,Credit,96583.00,Salary,Company Salary
TC055002,C055,2026-04-03,Credit,58892.00,Salary,Company Salary
TC055003,C055,2026-04-24,Credit,90157.00,Salary,Company Salary
TC055004,C055,2026-04-19,Debit,903.00,Bills,Jio
TC055005,C055,2026-04-15,Debit,1969.00,Shopping,DMart
TC055006,C055,2026-04-08,Debit,3183.00,Bills,Airtel
TC055007,C055,2026-04-03,Debit,3803.00,Bills,TATA Play
TC055008,C055,2026-04-01,Debit,3662.00,Travel,Petrol Pump
TC055009,C055,2026-04-19,Debit,5094.00,Shopping,Ajio
TC055010,C055,2026-04-16,Debit,112.00,Food,McDonalds
TC055011,C055,2026-04-22,Debit,4394.00,UPI,Friend Transfer
TC055012,C055,2026-04-17,Debit,4476.00,Bills,Airtel
TC055013,C055,2026-04-26,Debit,4438.00,Bills,Adani Gas
TC055014,C055,2026-04-21,Credit,134973.00,Salary,Company Salary
TC055015,C055,2026-04-25,Debit,4976.00,Shopping,Myntra
TC056000,C056,2026-04-13,Debit,3242.00,Travel,IRCTC
TC056001,C056,2026-04-27,Debit,2937.00,Bills,TATA Play
TC056002,C056,2026-04-17,Debit,935.00,Shopping,Ajio
TC056003,C056,2026-04-12,Credit,36781.00,Salary,Company Salary
TC056004,C056,2026-04-11,Debit,4945.00,Shopping,Flipkart
TC056005,C056,2026-04-17,Debit,2598.00,Bills,Airtel
TC056006,C056,2026-04-01,Debit,1218.00,Shopping,Myntra
TC056007,C056,2026-04-15,Debit,2153.00,UPI,Milk Vendor
TC056008,C056,2026-04-12,Debit,3278.00,Shopping,Flipkart
TC056009,C056,2026-04-15,Credit,76225.00,Salary,Company Salary
TC056010,C056,2026-04-06,Debit,1990.00,Travel,IndiGo
TC056011,C056,2026-04-08,Debit,4402.00,UPI,Friend Transfer
TC056012,C056,2026-04-14,Debit,1424.00,UPI,Kirana Store
TC056013,C056,2026-04-01,Debit,416.00,Travel,Petrol Pump
TC056014,C056,2026-04-06,Debit,1598.00,Travel,IndiGo
TC056015,C056,2026-04-28,Debit,520.00,Travel,IndiGo
TC056016,C056,2026-04-19,Debit,4668.00,Shopping,Ajio
TC056017,C056,2026-04-15,Debit,4937.00,Food,Zomato
TC056018,C056,2026-04-06,Debit,1992.00,UPI,Friend Transfer
TC056019,C056,2026-04-02,Debit,2819.00,Travel,Ola
TC056020,C056,2026-04-17,Debit,4815.00,Food,Swiggy
TC056021,C056,2026-04-10,Debit,1367.00,Travel,Metro Recharge
TC057000,C057,2026-04-28,Debit,2997.00,Food,Swiggy
TC057001,C057,2026-04-05,Debit,3009.00,Bills,BESCOM
TC057002,C057,2026-04-24,Credit,111928.00,Salary,Company Salary
TC057003,C057,2026-04-16,Credit,61713.00,Salary,Company Salary
TC057004,C057,2026-04-08,Credit,33337.00,Salary,Company Salary
TC057005,C057,2026-04-13,Credit,35458.00,Salary,Company Salary
TC057006,C057,2026-04-04,Debit,2531.00,Shopping,Amazon
TC057007,C057,2026-04-05,Debit,2097.00,UPI,Kirana Store
TC057008,C057,2026-04-20,Debit,1282.00,Travel,IRCTC
TC057009,C057,2026-04-10,Debit,1124.00,Travel,Metro Recharge
TC057010,C057,2026-04-05,Debit,1213.00,Shopping,DMart
TC057011,C057,2026-04-05,Debit,1626.00,Travel,Petrol Pump
TC057012,C057,2026-04-02,Debit,930.00,Shopping,Myntra
TC057013,C057,2026-04-24,Debit,4200.00,Bills,Jio
TC057014,C057,2026-04-07,Debit,3176.00,Food,Swiggy
TC057015,C057,2026-04-04,Debit,406.00,Bills,BESCOM
TC057016,C057,2026-04-26,Debit,3389.00,Food,McDonalds
TC057017,C057,2026-04-07,Debit,3901.00,UPI,Kirana Store
TC058000,C058,2026-04-28,Debit,2425.00,UPI,Friend Transfer
TC058001,C058,2026-04-12,Debit,1654.00,Food,Zomato
TC058002,C058,2026-04-24,Credit,60851.00,Salary,Company Salary
TC058003,C058,2026-04-08,Credit,50447.00,Salary,Company Salary
TC058004,C058,2026-04-03,Debit,1710.00,Food,Swiggy
TC058005,C058,2026-04-26,Debit,1085.00,Food,Swiggy
TC058006,C058,2026-04-19,Credit,109537.00,Salary,Company Salary
TC058007,C058,2026-04-27,Debit,4446.00,UPI,Kirana Store
TC058008,C058,2026-04-27,Credit,114321.00,Salary,Company Salary
TC058009,C058,2026-04-28,Debit,4186.00,UPI,Laundry
TC058010,C058,2026-04-02,Debit,3856.00,Shopping,Flipkart
TC058011,C058,2026-04-06,Debit,1366.00,Food,Local Restaurant
TC058012,C058,2026-04-22,Credit,116802.00,Salary,Company Salary
TC058013,C058,2026-04-17,Debit,3233.00,Food,Blinkit
TC058014,C058,2026-04-13,Debit,1079.00,Shopping,Flipkart
TC058015,C058,2026-04-14,Debit,4662.00,Shopping,Myntra
TC058016,C058,2026-04-11,Debit,1601.00,Travel,Petrol Pump
TC058017,C058,2026-04-22,Debit,4993.00,UPI,Milk Vendor
TC058018,C058,2026-04-24,Debit,2623.00,UPI,Kirana Store
TC058019,C058,2026-04-11,Debit,4364.00,Food,Zomato
TC059000,C059,2026-04-16,Credit,145511.00,Salary,Company Salary
TC059001,C059,2026-04-05,Debit,4176.00,Shopping,DMart
TC059002,C059,2026-04-04,Debit,4849.00,Travel,Uber
TC059003,C059,2026-04-26,Debit,965.00,Food,McDonalds
TC059004,C059,2026-04-17,Debit,3713.00,Bills,Adani Gas
TC059005,C059,2026-04-11,Debit,2447.00,Food,Swiggy
TC059006,C059,2026-04-21,Debit,3786.00,Food,Swiggy
TC059007,C059,2026-04-06,Debit,4025.00,UPI,Kirana Store
TC059008,C059,2026-04-11,Debit,4564.00,Shopping,Ajio
TC059009,C059,2026-04-10,Debit,2233.00,Travel,IndiGo
TC059010,C059,2026-04-21,Debit,3681.00,Shopping,Reliance Digital
TC059011,C059,2026-04-12,Debit,4050.00,Shopping,DMart
TC059012,C059,2026-04-10,Debit,895.00,Bills,Adani Gas
TC059013,C059,2026-04-08,Credit,28130.00,Salary,Company Salary
TC059014,C059,2026-04-22,Debit,3352.00,Travel,Petrol Pump
TC059015,C059,2026-04-21,Debit,3964.00,UPI,Milk Vendor
TC059016,C059,2026-04-17,Debit,1220.00,UPI,Laundry
TC059017,C059,2026-04-02,Debit,3595.00,UPI,Laundry
TC059018,C059,2026-04-28,Credit,65478.00,Salary,Company Salary
TC059019,C059,2026-04-17,Debit,3300.00,UPI,Laundry
TC059020,C059,2026-04-01,Debit,1420.00,UPI,Kirana Store
TC060000,C060,2026-04-04,Debit,237.00,Food,Local Restaurant
TC060001,C060,2026-04-07,Credit,85929.00,Salary,Company Salary
TC060002,C060,2026-04-15,Debit,3618.00,Shopping,Reliance Digital
TC060003,C060,2026-04-13,Debit,4008.00,Bills,BESCOM
TC060004,C060,2026-04-25,Debit,3823.00,UPI,Milk Vendor
TC060005,C060,2026-04-08,Debit,2707.00,Shopping,Reliance Digital
TC060006,C060,2026-04-03,Debit,267.00,Bills,Jio
TC060007,C060,2026-04-15,Credit,109228.00,Salary,Company Salary
TC060008,C060,2026-04-16,Debit,1640.00,Shopping,Amazon
TC060009,C060,2026-04-11,Debit,3385.00,UPI,Friend Transfer
TC060010,C060,2026-04-26,Credit,81372.00,Salary,Company Salary
TC060011,C060,2026-04-07,Debit,4740.00,Bills,Jio
TC060012,C060,2026-04-23,Credit,52658.00,Salary,Company Salary
TC060013,C060,2026-04-01,Debit,4794.00,Shopping,Reliance Digital
TC060014,C060,2026-04-13,Debit,1365.00,Food,Local Restaurant
TC060015,C060,2026-04-09,Debit,175.00,UPI,Laundry
TC061000,C061,2026-04-01,Debit,3471.00,Food,BigBasket
TC061001,C061,2026-04-21,Debit,3117.00,Travel,Metro Recharge
TC061002,C061,2026-04-21,Debit,2487.00,Bills,BESCOM
TC061003,C061,2026-04-08,Debit,1293.00,Food,Zomato
TC061004,C061,2026-04-23,Credit,47712.00,Salary,Company Salary
TC061005,C061,2026-04-23,Debit,4392.00,Shopping,Flipkart
TC061006,C061,2026-04-06,Credit,109839.00,Salary,Company Salary
TC061007,C061,2026-04-19,Debit,4407.00,Shopping,DMart
TC061008,C061,2026-04-11,Debit,4672.00,Shopping,Amazon
TC061009,C061,2026-04-05,Debit,2872.00,Shopping,Reliance Digital
TC061010,C061,2026-04-05,Debit,1775.00,Bills,Jio
TC061011,C061,2026-04-24,Debit,4423.00,Shopping,Amazon
TC061012,C061,2026-04-12,Debit,1870.00,Bills,BESCOM
TC061013,C061,2026-04-06,Debit,4280.00,Shopping,Ajio
TC061014,C061,2026-04-19,Credit,28371.00,Salary,Company Salary
TC061015,C061,2026-04-22,Credit,41369.00,Salary,Company Salary
TC061016,C061,2026-04-23,Debit,811.00,Travel,Metro Recharge
TC061017,C061,2026-04-14,Debit,2319.00,UPI,Laundry
TC061018,C061,2026-04-25,Debit,4419.00,Travel,Ola
TC061019,C061,2026-04-23,Debit,3665.00,Travel,Metro Recharge
TC061020,C061,2026-04-09,Debit,587.00,Food,McDonalds
TC061021,C061,2026-04-09,Debit,1179.00,UPI,Kirana Store
TC062000,C062,2026-04-07,Debit,1840.00,Travel,IndiGo
TC062001,C062,2026-04-03,Credit,62451.00,Salary,Company Salary
TC062002,C062,2026-04-04,Debit,463.00,Bills,Airtel
TC062003,C062,2026-04-08,Credit,79388.00,Salary,Company Salary
TC062004,C062,2026-04-22,Credit,88984.00,Salary,Company Salary
TC062005,C062,2026-04-11,Credit,140291.00,Salary,Company Salary
TC062006,C062,2026-04-03,Debit,2287.00,Shopping,Amazon
TC062007,C062,2026-04-23,Debit,1244.00,Shopping,Reliance Digital
TC062008,C062,2026-04-04,Debit,439.00,Travel,Metro Recharge
TC062009,C062,2026-04-23,Debit,692.00,Bills,BESCOM
TC062010,C062,2026-04-21,Debit,592.00,Food,Blinkit
TC062011,C062,2026-04-08,Credit,88979.00,Salary,Company Salary
TC062012,C062,2026-04-04,Debit,2556.00,Shopping,Myntra
TC062013,C062,2026-04-16,Credit,83455.00,Salary,Company Salary
TC062014,C062,2026-04-23,Debit,3091.00,Shopping,Myntra
TC062015,C062,2026-04-24,Debit,1280.00,Travel,Uber
TC062016,C062,2026-04-21,Debit,693.00,Bills,Jio
TC062017,C062,2026-04-23,Debit,2173.00,Shopping,DMart
TC062018,C062,2026-04-10,Credit,75323.00,Salary,Company Salary
TC062019,C062,2026-04-14,Debit,719.00,Travel,Uber
TC062020,C062,2026-04-19,Debit,1116.00,Shopping,Amazon
TC062021,C062,2026-04-07,Debit,2626.00,Travel,Petrol Pump
TC063000,C063,2026-04-20,Debit,4914.00,Bills,Adani Gas
TC063001,C063,2026-04-28,Debit,4844.00,Food,Local Restaurant
TC063002,C063,2026-04-03,Debit,3512.00,Travel,Uber
TC063003,C063,2026-04-03,Debit,812.00,Bills,Adani Gas
TC063004,C063,2026-04-01,Credit,103372.00,Salary,Company Salary
TC063005,C063,2026-04-15,Debit,529.00,Shopping,DMart
TC063006,C063,2026-04-26,Debit,3218.00,Food,Blinkit
TC063007,C063,2026-04-05,Debit,4396.00,Shopping,DMart
TC063008,C063,2026-04-16,Debit,2498.00,Shopping,Amazon
TC063009,C063,2026-04-04,Credit,40444.00,Salary,Company Salary
TC063010,C063,2026-04-21,Debit,622.00,Shopping,Myntra
TC063011,C063,2026-04-11,Debit,604.00,Travel,Metro Recharge
TC063012,C063,2026-04-15,Credit,142400.00,Salary,Company Salary
TC063013,C063,2026-04-12,Debit,533.00,Travel,Metro Recharge
TC063014,C063,2026-04-07,Credit,146419.00,Salary,Company Salary
TC063015,C063,2026-04-01,Credit,78359.00,Salary,Company Salary
TC063016,C063,2026-04-15,Debit,2691.00,Travel,IRCTC
TC063017,C063,2026-04-21,Debit,3175.00,UPI,Friend Transfer
TC064000,C064,2026-04-24,Debit,2227.00,Food,Zomato
TC064001,C064,2026-04-13,Debit,676.00,Bills,Airtel
TC064002,C064,2026-04-15,Credit,86562.00,Salary,Company Salary
TC064003,C064,2026-04-02,Credit,121908.00,Salary,Company Salary
TC064004,C064,2026-04-10,Debit,3173.00,Food,McDonalds
TC064005,C064,2026-04-10,Debit,4068.00,Food,Zomato
TC064006,C064,2026-04-08,Credit,126138.00,Salary,Company Salary
TC064007,C064,2026-04-03,Debit,5027.00,Shopping,DMart
TC064008,C064,2026-04-05,Debit,3803.00,Shopping,DMart
TC064009,C064,2026-04-24,Debit,419.00,Food,Zomato
TC064010,C064,2026-04-05,Debit,2479.00,Food,McDonalds
TC064011,C064,2026-04-25,Debit,3959.00,UPI,Laundry
TC064012,C064,2026-04-17,Debit,2409.00,Bills,Airtel
TC064013,C064,2026-04-06,Debit,2401.00,Food,McDonalds
TC064014,C064,2026-04-18,Debit,319.00,Food,Swiggy
TC064015,C064,2026-04-21,Debit,2289.00,UPI,Laundry
TC064016,C064,2026-04-01,Debit,2120.00,Food,McDonalds
TC064017,C064,2026-04-26,Debit,2568.00,Travel,Ola
TC064018,C064,2026-04-17,Debit,3727.00,UPI,Milk Vendor
TC064019,C064,2026-04-24,Debit,711.00,UPI,Kirana Store
TC064020,C064,2026-04-28,Debit,4301.00,Shopping,Flipkart
TC064021,C064,2026-04-05,Debit,4701.00,Food,Blinkit
TC064022,C064,2026-04-09,Debit,2429.00,Travel,Uber
TC064023,C064,2026-04-25,Debit,3524.00,Food,Swiggy
TC065000,C065,2026-04-19,Debit,3718.00,Shopping,Myntra
TC065001,C065,2026-04-19,Debit,219.00,Shopping,Reliance Digital
TC065002,C065,2026-04-17,Debit,4350.00,Shopping,Ajio
TC065003,C065,2026-04-07,Debit,898.00,Shopping,Reliance Digital
TC065004,C065,2026-04-23,Debit,831.00,Bills,Adani Gas
TC065005,C065,2026-04-27,Debit,4550.00,Travel,IRCTC
TC065006,C065,2026-04-07,Debit,2688.00,Bills,Adani Gas
TC065007,C065,2026-04-18,Debit,1838.00,Food,McDonalds
TC065008,C065,2026-04-11,Debit,1691.00,Shopping,Myntra
TC065009,C065,2026-04-20,Debit,1302.00,Travel,Petrol Pump
TC065010,C065,2026-04-28,Debit,3401.00,Shopping,Ajio
TC065011,C065,2026-04-28,Credit,89263.00,Salary,Company Salary
TC065012,C065,2026-04-03,Debit,4625.00,Bills,Jio
TC065013,C065,2026-04-16,Debit,4953.00,Travel,Uber
TC065014,C065,2026-04-03,Debit,3525.00,Food,Swiggy
TC066000,C066,2026-04-10,Debit,3280.00,Food,BigBasket
TC066001,C066,2026-04-06,Credit,36424.00,Salary,Company Salary
TC066002,C066,2026-04-13,Debit,1743.00,Food,Local Restaurant
TC066003,C066,2026-04-12,Credit,60588.00,Salary,Company Salary
TC066004,C066,2026-04-16,Debit,917.00,Shopping,Amazon
TC066005,C066,2026-04-11,Debit,3340.00,Bills,TATA Play
TC066006,C066,2026-04-22,Credit,94981.00,Salary,Company Salary
TC066007,C066,2026-04-25,Debit,4236.00,Food,BigBasket
TC066008,C066,2026-04-04,Debit,2532.00,Travel,Uber
TC066009,C066,2026-04-04,Debit,2174.00,UPI,Kirana Store
TC066010,C066,2026-04-07,Debit,537.00,Bills,Adani Gas
TC066011,C066,2026-04-06,Debit,423.00,Shopping,Ajio
TC066012,C066,2026-04-01,Debit,2703.00,UPI,Kirana Store
TC066013,C066,2026-04-13,Credit,57248.00,Salary,Company Salary
TC066014,C066,2026-04-13,Debit,306.00,UPI,Laundry
TC066015,C066,2026-04-17,Debit,2193.00,UPI,Friend Transfer
TC066016,C066,2026-04-12,Debit,3890.00,Travel,IRCTC
TC066017,C066,2026-04-22,Credit,140513.00,Salary,Company Salary
TC066018,C066,2026-04-24,Debit,1538.00,Food,Zomato
TC067000,C067,2026-04-13,Debit,3374.00,Bills,BESCOM
TC067001,C067,2026-04-08,Debit,1617.00,Shopping,Reliance Digital
TC067002,C067,2026-04-02,Debit,4874.00,Shopping,Ajio
TC067003,C067,2026-04-28,Debit,4634.00,Shopping,Amazon
TC067004,C067,2026-04-01,Debit,4028.00,Bills,Jio
TC067005,C067,2026-04-10,Credit,57112.00,Salary,Company Salary
TC067006,C067,2026-04-28,Debit,3865.00,UPI,Laundry
TC067007,C067,2026-04-03,Debit,3530.00,Bills,Adani Gas
TC067008,C067,2026-04-25,Debit,2551.00,UPI,Milk Vendor
TC067009,C067,2026-04-10,Credit,58822.00,Salary,Company Salary
TC067010,C067,2026-04-25,Debit,1533.00,UPI,Friend Transfer
TC067011,C067,2026-04-11,Debit,1549.00,Bills,Adani Gas
TC067012,C067,2026-04-02,Credit,115310.00,Salary,Company Salary
TC067013,C067,2026-04-03,Debit,956.00,Travel,Metro Recharge
TC067014,C067,2026-04-14,Credit,84434.00,Salary,Company Salary
TC067015,C067,2026-04-10,Debit,214.00,Shopping,Amazon
TC067016,C067,2026-04-27,Debit,4999.00,Bills,Airtel
TC068000,C068,2026-04-19,Credit,145597.00,Salary,Company Salary
TC068001,C068,2026-04-24,Debit,2743.00,Bills,TATA Play
TC068002,C068,2026-04-17,Credit,135797.00,Salary,Company Salary
TC068003,C068,2026-04-12,Debit,104.00,Food,McDonalds
TC068004,C068,2026-04-13,Debit,1463.00,UPI,Milk Vendor
TC068005,C068,2026-04-01,Credit,121698.00,Salary,Company Salary
TC068006,C068,2026-04-25,Credit,35830.00,Salary,Company Salary
TC068007,C068,2026-04-09,Credit,105212.00,Salary,Company Salary
TC068008,C068,2026-04-03,Debit,4064.00,Travel,IndiGo
TC068009,C068,2026-04-16,Debit,3995.00,Travel,Metro Recharge
TC068010,C068,2026-04-23,Debit,2346.00,UPI,Kirana Store
TC068011,C068,2026-04-28,Debit,1871.00,Food,McDonalds
TC068012,C068,2026-04-19,Debit,3434.00,Bills,Jio
TC068013,C068,2026-04-08,Debit,2195.00,Bills,Airtel
TC068014,C068,2026-04-15,Debit,2597.00,Shopping,Amazon
TC068015,C068,2026-04-06,Debit,4606.00,UPI,Milk Vendor
TC068016,C068,2026-04-11,Debit,1696.00,UPI,Friend Transfer
TC068017,C068,2026-04-18,Debit,1360.00,UPI,Friend Transfer
TC068018,C068,2026-04-27,Credit,96841.00,Salary,Company Salary
TC068019,C068,2026-04-28,Debit,3070.00,UPI,Friend Transfer
TC068020,C068,2026-04-17,Credit,125285.00,Salary,Company Salary
TC068021,C068,2026-04-12,Credit,130760.00,Salary,Company Salary
TC068022,C068,2026-04-24,Debit,508.00,Travel,Metro Recharge
TC069000,C069,2026-04-07,Debit,3571.00,Shopping,Flipkart
TC069001,C069,2026-04-26,Debit,152.00,Bills,Adani Gas
TC069002,C069,2026-04-13,Debit,3584.00,Bills,Jio
TC069003,C069,2026-04-04,Debit,3026.00,UPI,Milk Vendor
TC069004,C069,2026-04-19,Credit,122814.00,Salary,Company Salary
TC069005,C069,2026-04-10,Debit,855.00,UPI,Kirana Store
TC069006,C069,2026-04-24,Debit,4050.00,Travel,IndiGo
TC069007,C069,2026-04-08,Debit,1547.00,Travel,IRCTC
TC069008,C069,2026-04-24,Debit,326.00,Food,BigBasket
TC069009,C069,2026-04-24,Debit,579.00,UPI,Friend Transfer
TC069010,C069,2026-04-05,Debit,2275.00,UPI,Friend Transfer
TC069011,C069,2026-04-28,Debit,2717.00,Shopping,Ajio
TC069012,C069,2026-04-11,Debit,2700.00,Bills,Adani Gas
TC069013,C069,2026-04-26,Debit,287.00,Travel,Uber
TC069014,C069,2026-04-15,Credit,147180.00,Salary,Company Salary
TC069015,C069,2026-04-25,Debit,4311.00,Shopping,Flipkart
TC069016,C069,2026-04-16,Debit,3241.00,Travel,Petrol Pump
TC069017,C069,2026-04-01,Credit,59480.00,Salary,Company Salary
TC069018,C069,2026-04-02,Debit,3545.00,Food,Blinkit
TC069019,C069,2026-04-19,Debit,747.00,Bills,Jio
TC070000,C070,2026-04-12,Debit,214.00,Bills,Airtel
TC070001,C070,2026-04-06,Credit,139933.00,Salary,Company Salary
TC070002,C070,2026-04-23,Debit,4511.00,Travel,IRCTC
TC070003,C070,2026-04-18,Debit,2528.00,Shopping,Reliance Digital
TC070004,C070,2026-04-18,Debit,2286.00,UPI,Kirana Store
TC070005,C070,2026-04-27,Credit,54612.00,Salary,Company Salary
TC070006,C070,2026-04-10,Debit,1798.00,UPI,Friend Transfer
TC070007,C070,2026-04-23,Debit,2718.00,UPI,Milk Vendor
TC070008,C070,2026-04-07,Debit,2766.00,Shopping,Ajio
TC070009,C070,2026-04-18,Debit,2359.00,UPI,Friend Transfer
TC070010,C070,2026-04-26,Debit,1444.00,Bills,TATA Play
TC070011,C070,2026-04-08,Debit,514.00,Travel,Uber
TC070012,C070,2026-04-21,Debit,4070.00,Shopping,Reliance Digital
TC070013,C070,2026-04-07,Debit,3814.00,UPI,Milk Vendor
TC070014,C070,2026-04-07,Debit,230.00,Travel,Uber
TC070015,C070,2026-04-19,Debit,407.00,Bills,Airtel
TC070016,C070,2026-04-11,Debit,3820.00,UPI,Kirana Store
TC070017,C070,2026-04-15,Debit,2904.00,Food,BigBasket
TC070018,C070,2026-04-11,Credit,89968.00,Salary,Company Salary
TC070019,C070,2026-04-14,Debit,1803.00,Bills,Airtel
TC070020,C070,2026-04-11,Debit,2965.00,Bills,Airtel
TC071000,C071,2026-04-25,Debit,2525.00,UPI,Kirana Store
TC071001,C071,2026-04-11,Debit,560.00,Bills,Jio
TC071002,C071,2026-04-22,Debit,1513.00,Food,McDonalds
TC071003,C071,2026-04-15,Credit,132974.00,Salary,Company Salary
TC071004,C071,2026-04-06,Debit,2341.00,Travel,IndiGo
TC071005,C071,2026-04-17,Debit,2380.00,Travel,Metro Recharge
TC071006,C071,2026-04-12,Debit,2870.00,Bills,Airtel
TC071007,C071,2026-04-14,Debit,5061.00,Shopping,DMart
TC071008,C071,2026-04-02,Debit,2958.00,Shopping,DMart
TC071009,C071,2026-04-16,Debit,2571.00,UPI,Kirana Store
TC071010,C071,2026-04-22,Debit,1134.00,Food,Zomato
TC071011,C071,2026-04-08,Debit,4023.00,Travel,Ola
TC071012,C071,2026-04-04,Debit,4096.00,Food,Swiggy
TC071013,C071,2026-04-10,Debit,1149.00,Bills,Jio
TC071014,C071,2026-04-28,Debit,1586.00,Travel,IndiGo
TC071015,C071,2026-04-16,Debit,1623.00,Travel,Uber
TC071016,C071,2026-04-19,Debit,930.00,Shopping,Myntra
TC071017,C071,2026-04-23,Debit,3813.00,Bills,Adani Gas
TC071018,C071,2026-04-17,Credit,41288.00,Salary,Company Salary
TC071019,C071,2026-04-28,Debit,948.00,Travel,Uber
TC072000,C072,2026-04-22,Debit,649.00,Bills,Adani Gas
TC072001,C072,2026-04-06,Debit,5008.00,Travel,Metro Recharge
TC072002,C072,2026-04-08,Debit,4033.00,Shopping,Myntra
TC072003,C072,2026-04-11,Debit,2646.00,Shopping,Reliance Digital
TC072004,C072,2026-04-23,Credit,52960.00,Salary,Company Salary
TC072005,C072,2026-04-12,Credit,119104.00,Salary,Company Salary
TC072006,C072,2026-04-15,Debit,4509.00,Bills,Airtel
TC072007,C072,2026-04-02,Credit,80848.00,Salary,Company Salary
TC072008,C072,2026-04-10,Debit,4534.00,Shopping,Ajio
TC072009,C072,2026-04-26,Debit,2037.00,Bills,BESCOM
TC072010,C072,2026-04-20,Debit,1916.00,Shopping,DMart
TC072011,C072,2026-04-21,Debit,2318.00,Bills,Airtel
TC072012,C072,2026-04-27,Debit,4839.00,UPI,Laundry
TC072013,C072,2026-04-24,Debit,832.00,UPI,Friend Transfer
TC072014,C072,2026-04-18,Debit,3000.00,Travel,Metro Recharge
TC072015,C072,2026-04-14,Debit,2386.00,UPI,Laundry
TC072016,C072,2026-04-01,Credit,111807.00,Salary,Company Salary
TC072017,C072,2026-04-17,Debit,1461.00,Bills,Airtel
TC073000,C073,2026-04-11,Debit,1729.00,Food,Swiggy
TC073001,C073,2026-04-06,Debit,1722.00,Food,McDonalds
TC073002,C073,2026-04-23,Debit,2163.00,Food,BigBasket
TC073003,C073,2026-04-13,Debit,2232.00,Travel,Ola
TC073004,C073,2026-04-28,Debit,2287.00,UPI,Friend Transfer
TC073005,C073,2026-04-25,Debit,4836.00,UPI,Milk Vendor
TC073006,C073,2026-04-17,Debit,1901.00,Bills,TATA Play
TC073007,C073,2026-04-12,Debit,290.00,UPI,Laundry
TC073008,C073,2026-04-01,Debit,5008.00,Travel,IRCTC
TC073009,C073,2026-04-19,Debit,807.00,Travel,Ola
TC073010,C073,2026-04-13,Debit,1978.00,Bills,Jio
TC073011,C073,2026-04-03,Debit,4550.00,Shopping,Flipkart
TC073012,C073,2026-04-05,Debit,3507.00,UPI,Friend Transfer
TC073013,C073,2026-04-08,Debit,2902.00,Shopping,Amazon
TC073014,C073,2026-04-19,Debit,4532.00,Bills,Airtel
TC073015,C073,2026-04-07,Debit,3680.00,Shopping,Myntra
TC073016,C073,2026-04-26,Debit,1136.00,Bills,BESCOM
TC074000,C074,2026-04-21,Debit,2256.00,UPI,Milk Vendor
TC074001,C074,2026-04-10,Debit,205.00,Food,Zomato
TC074002,C074,2026-04-16,Credit,63248.00,Salary,Company Salary
TC074003,C074,2026-04-05,Debit,4361.00,UPI,Laundry
TC074004,C074,2026-04-18,Credit,109725.00,Salary,Company Salary
TC074005,C074,2026-04-14,Credit,118832.00,Salary,Company Salary
TC074006,C074,2026-04-20,Debit,5052.00,Shopping,DMart
TC074007,C074,2026-04-15,Credit,82826.00,Salary,Company Salary
TC074008,C074,2026-04-21,Debit,223.00,Bills,TATA Play
TC074009,C074,2026-04-13,Debit,1163.00,Food,Blinkit
TC074010,C074,2026-04-10,Debit,2531.00,Travel,Ola
TC074011,C074,2026-04-17,Debit,4239.00,Food,Local Restaurant
TC074012,C074,2026-04-11,Credit,138856.00,Salary,Company Salary
TC074013,C074,2026-04-22,Debit,2676.00,UPI,Milk Vendor
TC074014,C074,2026-04-17,Credit,94419.00,Salary,Company Salary
TC074015,C074,2026-04-13,Debit,3685.00,Bills,BESCOM
TC074016,C074,2026-04-25,Credit,137898.00,Salary,Company Salary
TC074017,C074,2026-04-01,Debit,1155.00,Shopping,Reliance Digital
TC074018,C074,2026-04-07,Debit,3683.00,Food,Swiggy
TC074019,C074,2026-04-18,Debit,2958.00,Bills,Adani Gas
TC074020,C074,2026-04-01,Debit,2307.00,Travel,Metro Recharge
TC074021,C074,2026-04-22,Debit,2611.00,UPI,Kirana Store
TC074022,C074,2026-04-09,Debit,5035.00,Bills,Airtel
TC074023,C074,2026-04-22,Debit,593.00,UPI,Milk Vendor
TC075000,C075,2026-04-05,Credit,114467.00,Salary,Company Salary
TC075001,C075,2026-04-05,Debit,4588.00,UPI,Kirana Store
TC075002,C075,2026-04-03,Credit,63880.00,Salary,Company Salary
TC075003,C075,2026-04-21,Debit,3090.00,Travel,Metro Recharge
TC075004,C075,2026-04-18,Debit,2265.00,Food,Blinkit
TC075005,C075,2026-04-05,Debit,4583.00,Travel,Petrol Pump
TC075006,C075,2026-04-01,Debit,3849.00,Bills,Adani Gas
TC075007,C075,2026-04-11,Debit,2200.00,Shopping,Flipkart
TC075008,C075,2026-04-17,Debit,4576.00,Bills,TATA Play
TC075009,C075,2026-04-23,Debit,4118.00,Bills,BESCOM
TC075010,C075,2026-04-25,Debit,4957.00,Shopping,DMart
TC075011,C075,2026-04-13,Credit,37926.00,Salary,Company Salary
TC075012,C075,2026-04-12,Debit,326.00,UPI,Friend Transfer
TC075013,C075,2026-04-01,Credit,121594.00,Salary,Company Salary
TC075014,C075,2026-04-16,Credit,108976.00,Salary,Company Salary
TC075015,C075,2026-04-03,Credit,75340.00,Salary,Company Salary
TC075016,C075,2026-04-06,Debit,1260.00,UPI,Friend Transfer
TC075017,C075,2026-04-28,Debit,2240.00,UPI,Laundry
TC075018,C075,2026-04-05,Debit,3986.00,Travel,IndiGo
TC075019,C075,2026-04-08,Credit,109678.00,Salary,Company Salary
TC076000,C076,2026-04-14,Debit,1204.00,UPI,Laundry
TC076001,C076,2026-04-13,Debit,2610.00,Bills,BESCOM
TC076002,C076,2026-04-05,Debit,2061.00,Travel,Ola
TC076003,C076,2026-04-01,Debit,2659.00,Shopping,Reliance Digital
TC076004,C076,2026-04-16,Debit,1284.00,Shopping,Flipkart
TC076005,C076,2026-04-04,Debit,299.00,Shopping,Ajio
TC076006,C076,2026-04-28,Debit,1136.00,Travel,Metro Recharge
TC076007,C076,2026-04-28,Debit,636.00,Shopping,Myntra
TC076008,C076,2026-04-10,Debit,2160.00,Bills,BESCOM
TC076009,C076,2026-04-13,Debit,2855.00,Shopping,Myntra
TC076010,C076,2026-04-13,Credit,75488.00,Salary,Company Salary
TC076011,C076,2026-04-28,Debit,2672.00,Travel,IndiGo
TC076012,C076,2026-04-03,Debit,3104.00,Travel,Petrol Pump
TC076013,C076,2026-04-08,Debit,2837.00,Travel,Ola
TC076014,C076,2026-04-04,Debit,2756.00,Travel,IndiGo
TC076015,C076,2026-04-20,Debit,977.00,Bills,Airtel
TC076016,C076,2026-04-06,Debit,1452.00,Shopping,Amazon
TC076017,C076,2026-04-18,Debit,4073.00,Shopping,Myntra
TC076018,C076,2026-04-12,Debit,1915.00,Food,BigBasket
TC076019,C076,2026-04-20,Debit,1764.00,Food,BigBasket
TC076020,C076,2026-04-10,Debit,2802.00,Shopping,Amazon
TC076021,C076,2026-04-14,Credit,90549.00,Salary,Company Salary
TC076022,C076,2026-04-11,Debit,1664.00,UPI,Friend Transfer
TC076023,C076,2026-04-12,Debit,1295.00,Food,Blinkit
TC077000,C077,2026-04-25,Debit,4235.00,Bills,TATA Play
TC077001,C077,2026-04-27,Credit,135642.00,Salary,Company Salary
TC077002,C077,2026-04-23,Credit,89974.00,Salary,Company Salary
TC077003,C077,2026-04-22,Debit,1978.00,Shopping,Reliance Digital
TC077004,C077,2026-04-28,Debit,2380.00,Food,Blinkit
TC077005,C077,2026-04-26,Debit,2377.00,Food,BigBasket
TC077006,C077,2026-04-14,Debit,4344.00,UPI,Laundry
TC077007,C077,2026-04-13,Credit,37407.00,Salary,Company Salary
TC077008,C077,2026-04-03,Debit,4654.00,Shopping,Reliance Digital
TC077009,C077,2026-04-22,Debit,3426.00,Shopping,Amazon
TC077010,C077,2026-04-18,Debit,2504.00,Food,BigBasket
TC077011,C077,2026-04-04,Debit,3579.00,Shopping,Amazon
TC077012,C077,2026-04-10,Debit,4170.00,Food,BigBasket
TC077013,C077,2026-04-11,Debit,4125.00,Food,Blinkit
TC077014,C077,2026-04-20,Debit,4549.00,UPI,Laundry
TC077015,C077,2026-04-27,Debit,4240.00,Shopping,Myntra
TC077016,C077,2026-04-05,Debit,2172.00,UPI,Milk Vendor
TC077017,C077,2026-04-18,Debit,2329.00,Food,BigBasket
TC077018,C077,2026-04-09,Credit,136852.00,Salary,Company Salary
TC077019,C077,2026-04-04,Debit,2696.00,Shopping,Reliance Digital
TC077020,C077,2026-04-25,Debit,2077.00,Food,McDonalds
TC078000,C078,2026-04-28,Debit,3383.00,Bills,Airtel
TC078001,C078,2026-04-20,Debit,4574.00,Shopping,Reliance Digital
TC078002,C078,2026-04-15,Debit,119.00,Bills,BESCOM
TC078003,C078,2026-04-13,Debit,2976.00,Food,McDonalds
TC078004,C078,2026-04-20,Debit,1640.00,Food,Swiggy
TC078005,C078,2026-04-16,Debit,466.00,Food,Zomato
TC078006,C078,2026-04-05,Debit,3014.00,Food,McDonalds
TC078007,C078,2026-04-07,Credit,120177.00,Salary,Company Salary
TC078008,C078,2026-04-03,Credit,90216.00,Salary,Company Salary
TC078009,C078,2026-04-01,Debit,3760.00,Bills,TATA Play
TC078010,C078,2026-04-10,Debit,3400.00,Shopping,DMart
TC078011,C078,2026-04-20,Credit,67678.00,Salary,Company Salary
TC078012,C078,2026-04-20,Debit,2839.00,Bills,Airtel
TC078013,C078,2026-04-09,Credit,108218.00,Salary,Company Salary
TC078014,C078,2026-04-05,Debit,351.00,UPI,Laundry
TC078015,C078,2026-04-19,Debit,2404.00,Bills,TATA Play
TC078016,C078,2026-04-11,Debit,962.00,Travel,Ola
TC078017,C078,2026-04-14,Debit,4113.00,Bills,Airtel
TC078018,C078,2026-04-02,Credit,66444.00,Salary,Company Salary
TC078019,C078,2026-04-06,Debit,4715.00,UPI,Laundry
TC078020,C078,2026-04-26,Debit,832.00,UPI,Milk Vendor
TC079000,C079,2026-04-08,Debit,694.00,Shopping,Ajio
TC079001,C079,2026-04-15,Debit,4799.00,Shopping,Amazon
TC079002,C079,2026-04-07,Credit,27802.00,Salary,Company Salary
TC079003,C079,2026-04-04,Credit,30970.00,Salary,Company Salary
TC079004,C079,2026-04-22,Credit,25541.00,Salary,Company Salary
TC079005,C079,2026-04-28,Debit,1415.00,Bills,BESCOM
TC079006,C079,2026-04-08,Debit,704.00,Bills,Adani Gas
TC079007,C079,2026-04-15,Credit,61127.00,Salary,Company Salary
TC079008,C079,2026-04-23,Credit,88853.00,Salary,Company Salary
TC079009,C079,2026-04-22,Debit,3869.00,UPI,Kirana Store
TC079010,C079,2026-04-26,Debit,3944.00,Travel,IRCTC
TC079011,C079,2026-04-25,Debit,2143.00,Travel,Metro Recharge
TC079012,C079,2026-04-08,Credit,108575.00,Salary,Company Salary
TC079013,C079,2026-04-16,Debit,224.00,UPI,Laundry
TC079014,C079,2026-04-04,Debit,3958.00,Shopping,Flipkart
TC080000,C080,2026-04-26,Credit,29041.00,Salary,Company Salary
TC080001,C080,2026-04-08,Debit,4001.00,Food,Swiggy
TC080002,C080,2026-04-27,Debit,3765.00,Food,Blinkit
TC080003,C080,2026-04-28,Debit,4259.00,Bills,Airtel
TC080004,C080,2026-04-11,Debit,2727.00,Food,Blinkit
TC080005,C080,2026-04-02,Debit,1460.00,Bills,Airtel
TC080006,C080,2026-04-12,Credit,144206.00,Salary,Company Salary
TC080007,C080,2026-04-22,Debit,822.00,Bills,Jio
TC080008,C080,2026-04-27,Credit,41668.00,Salary,Company Salary
TC080009,C080,2026-04-03,Credit,54953.00,Salary,Company Salary
TC080010,C080,2026-04-02,Credit,51531.00,Salary,Company Salary
TC080011,C080,2026-04-09,Credit,118611.00,Salary,Company Salary
TC080012,C080,2026-04-28,Credit,85056.00,Salary,Company Salary
TC080013,C080,2026-04-17,Debit,1293.00,UPI,Laundry
TC080014,C080,2026-04-23,Debit,3314.00,Food,McDonalds
TC080015,C080,2026-04-02,Debit,934.00,Food,Swiggy
TC080016,C080,2026-04-27,Debit,3063.00,UPI,Friend Transfer
TC080017,C080,2026-04-22,Debit,3377.00,Travel,Ola
TC080018,C080,2026-04-18,Credit,45908.00,Salary,Company Salary
TC081000,C081,2026-04-02,Debit,599.00,Travel,IndiGo
TC081001,C081,2026-04-28,Debit,4485.00,Food,Blinkit
TC081002,C081,2026-04-04,Debit,4778.00,Bills,TATA Play
TC081003,C081,2026-04-23,Credit,127009.00,Salary,Company Salary
TC081004,C081,2026-04-19,Credit,105726.00,Salary,Company Salary
TC081005,C081,2026-04-07,Debit,3136.00,Shopping,Ajio
TC081006,C081,2026-04-18,Credit,73327.00,Salary,Company Salary
TC081007,C081,2026-04-26,Credit,80709.00,Salary,Company Salary
TC081008,C081,2026-04-21,Debit,4236.00,Food,Local Restaurant
TC081009,C081,2026-04-17,Debit,4914.00,Shopping,Flipkart
TC081010,C081,2026-04-06,Debit,737.00,Travel,IRCTC
TC081011,C081,2026-04-15,Debit,1595.00,Shopping,DMart
TC081012,C081,2026-04-09,Debit,604.00,Bills,Jio
TC081013,C081,2026-04-26,Debit,4433.00,Travel,IndiGo
TC081014,C081,2026-04-13,Debit,1919.00,Travel,Petrol Pump
TC082000,C082,2026-04-27,Debit,5035.00,Food,Swiggy
TC082001,C082,2026-04-12,Credit,33503.00,Salary,Company Salary
TC082002,C082,2026-04-28,Debit,3100.00,Shopping,DMart
TC082003,C082,2026-04-01,Debit,1340.00,UPI,Kirana Store
TC082004,C082,2026-04-24,Debit,1825.00,Food,Local Restaurant
TC082005,C082,2026-04-28,Credit,121168.00,Salary,Company Salary
TC082006,C082,2026-04-19,Credit,32630.00,Salary,Company Salary
TC082007,C082,2026-04-06,Debit,2585.00,Shopping,Ajio
TC082008,C082,2026-04-19,Debit,724.00,Shopping,Myntra
TC082009,C082,2026-04-01,Credit,137110.00,Salary,Company Salary
TC082010,C082,2026-04-09,Debit,3018.00,Bills,Adani Gas
TC082011,C082,2026-04-25,Debit,3021.00,Food,McDonalds
TC082012,C082,2026-04-03,Debit,3384.00,Travel,Uber
TC082013,C082,2026-04-19,Debit,1727.00,Bills,TATA Play
TC082014,C082,2026-04-04,Debit,4360.00,Travel,Uber
TC082015,C082,2026-04-20,Debit,3005.00,Travel,Ola
TC082016,C082,2026-04-12,Debit,2294.00,Travel,IRCTC
TC083000,C083,2026-04-16,Debit,1803.00,Shopping,Ajio
TC083001,C083,2026-04-20,Credit,93483.00,Salary,Company Salary
TC083002,C083,2026-04-01,Debit,2764.00,Travel,Petrol Pump
TC083003,C083,2026-04-03,Debit,3006.00,UPI,Milk Vendor
TC083004,C083,2026-04-26,Debit,4411.00,UPI,Kirana Store
TC083005,C083,2026-04-10,Credit,70119.00,Salary,Company Salary
TC083006,C083,2026-04-20,Debit,3335.00,Travel,Ola
TC083007,C083,2026-04-28,Debit,3898.00,UPI,Kirana Store
TC083008,C083,2026-04-18,Debit,4102.00,Bills,BESCOM
TC083009,C083,2026-04-09,Debit,1283.00,Shopping,Ajio
TC083010,C083,2026-04-25,Debit,4950.00,UPI,Friend Transfer
TC083011,C083,2026-04-06,Debit,2147.00,UPI,Laundry
TC083012,C083,2026-04-12,Debit,619.00,Shopping,Amazon
TC083013,C083,2026-04-23,Debit,4395.00,Bills,BESCOM
TC083014,C083,2026-04-21,Debit,3691.00,Bills,Jio
TC083015,C083,2026-04-15,Debit,1433.00,UPI,Laundry
TC083016,C083,2026-04-23,Debit,4867.00,Shopping,Myntra
TC084000,C084,2026-04-11,Debit,2322.00,Shopping,Reliance Digital
TC084001,C084,2026-04-28,Debit,4730.00,UPI,Milk Vendor
TC084002,C084,2026-04-13,Debit,5072.00,Food,Blinkit
TC084003,C084,2026-04-24,Debit,190.00,Food,Swiggy
TC084004,C084,2026-04-10,Credit,33145.00,Salary,Company Salary
TC084005,C084,2026-04-20,Credit,144006.00,Salary,Company Salary
TC084006,C084,2026-04-17,Debit,3360.00,Travel,Metro Recharge
TC084007,C084,2026-04-23,Debit,4880.00,Shopping,Reliance Digital
TC084008,C084,2026-04-17,Debit,3148.00,Shopping,Ajio
TC084009,C084,2026-04-23,Debit,1163.00,Food,McDonalds
TC084010,C084,2026-04-20,Debit,2907.00,Shopping,Ajio
TC084011,C084,2026-04-25,Debit,3387.00,Shopping,Reliance Digital
TC084012,C084,2026-04-20,Debit,3614.00,Shopping,Reliance Digital
TC084013,C084,2026-04-27,Debit,2660.00,Shopping,Amazon
TC084014,C084,2026-04-21,Credit,109059.00,Salary,Company Salary
TC084015,C084,2026-04-05,Debit,3512.00,UPI,Milk Vendor
TC084016,C084,2026-04-02,Debit,1513.00,UPI,Laundry
TC085000,C085,2026-04-22,Debit,4604.00,Travel,Metro Recharge
TC085001,C085,2026-04-07,Debit,314.00,Shopping,Myntra
TC085002,C085,2026-04-06,Debit,2446.00,Travel,IndiGo
TC085003,C085,2026-04-22,Debit,4016.00,Travel,Uber
TC085004,C085,2026-04-01,Debit,4412.00,Shopping,Ajio
TC085005,C085,2026-04-06,Debit,658.00,UPI,Friend Transfer
TC085006,C085,2026-04-07,Debit,4791.00,Food,Local Restaurant
TC085007,C085,2026-04-28,Debit,2034.00,Food,BigBasket
TC085008,C085,2026-04-16,Debit,5071.00,Bills,Jio
TC085009,C085,2026-04-04,Credit,75179.00,Salary,Company Salary
TC085010,C085,2026-04-19,Debit,428.00,UPI,Milk Vendor
TC085011,C085,2026-04-09,Debit,2416.00,Shopping,Flipkart
TC085012,C085,2026-04-21,Debit,520.00,UPI,Laundry
TC085013,C085,2026-04-03,Debit,1037.00,Travel,IndiGo
TC085014,C085,2026-04-16,Debit,1239.00,Shopping,DMart
TC085015,C085,2026-04-15,Debit,2277.00,Shopping,Myntra
TC086000,C086,2026-04-03,Credit,102993.00,Salary,Company Salary
TC086001,C086,2026-04-02,Credit,34373.00,Salary,Company Salary
TC086002,C086,2026-04-27,Debit,4900.00,Travel,IRCTC
TC086003,C086,2026-04-02,Credit,91389.00,Salary,Company Salary
TC086004,C086,2026-04-21,Debit,1392.00,UPI,Milk Vendor
TC086005,C086,2026-04-17,Credit,119531.00,Salary,Company Salary
TC086006,C086,2026-04-07,Debit,3008.00,Shopping,Reliance Digital
TC086007,C086,2026-04-16,Debit,1176.00,Travel,Uber
TC086008,C086,2026-04-10,Credit,125519.00,Salary,Company Salary
TC086009,C086,2026-04-01,Debit,224.00,Bills,Jio
TC086010,C086,2026-04-13,Debit,3484.00,Bills,BESCOM
TC086011,C086,2026-04-05,Debit,1780.00,Travel,IRCTC
TC086012,C086,2026-04-18,Credit,29145.00,Salary,Company Salary
TC086013,C086,2026-04-04,Debit,4305.00,Bills,Airtel
TC086014,C086,2026-04-06,Debit,2357.00,Bills,BESCOM
TC087000,C087,2026-04-20,Debit,3350.00,Shopping,Flipkart
TC087001,C087,2026-04-07,Credit,48832.00,Salary,Company Salary
TC087002,C087,2026-04-10,Debit,4303.00,UPI,Friend Transfer
TC087003,C087,2026-04-12,Debit,3053.00,Travel,Metro Recharge
TC087004,C087,2026-04-16,Debit,1153.00,Food,Blinkit
TC087005,C087,2026-04-12,Debit,1887.00,Travel,Ola
TC087006,C087,2026-04-20,Debit,900.00,Shopping,Myntra
TC087007,C087,2026-04-11,Debit,4602.00,Travel,Ola
TC087008,C087,2026-04-23,Debit,2131.00,UPI,Friend Transfer
TC087009,C087,2026-04-25,Debit,2242.00,Shopping,Ajio
TC087010,C087,2026-04-23,Debit,4818.00,Travel,Metro Recharge
TC087011,C087,2026-04-28,Debit,2676.00,UPI,Laundry
TC087012,C087,2026-04-11,Debit,2858.00,UPI,Kirana Store
TC087013,C087,2026-04-06,Debit,4557.00,Food,McDonalds
TC087014,C087,2026-04-27,Debit,2132.00,Bills,Adani Gas
TC087015,C087,2026-04-26,Debit,4763.00,UPI,Friend Transfer
TC087016,C087,2026-04-20,Debit,2096.00,Shopping,Flipkart
TC087017,C087,2026-04-04,Debit,3656.00,UPI,Milk Vendor
TC087018,C087,2026-04-15,Debit,4647.00,Travel,Ola
TC087019,C087,2026-04-04,Credit,98882.00,Salary,Company Salary
TC087020,C087,2026-04-22,Debit,233.00,UPI,Kirana Store
TC087021,C087,2026-04-17,Debit,3411.00,Shopping,Flipkart
TC087022,C087,2026-04-13,Credit,28924.00,Salary,Company Salary
TC088000,C088,2026-04-01,Debit,2926.00,Shopping,Flipkart
TC088001,C088,2026-04-15,Debit,2497.00,Bills,Airtel
TC088002,C088,2026-04-13,Credit,45385.00,Salary,Company Salary
TC088003,C088,2026-04-26,Debit,831.00,Travel,IRCTC
TC088004,C088,2026-04-28,Debit,2735.00,UPI,Milk Vendor
TC088005,C088,2026-04-03,Credit,41669.00,Salary,Company Salary
TC088006,C088,2026-04-14,Debit,3245.00,Food,Local Restaurant
TC088007,C088,2026-04-25,Debit,631.00,Food,Swiggy
TC088008,C088,2026-04-04,Credit,52029.00,Salary,Company Salary
TC088009,C088,2026-04-01,Debit,1686.00,Shopping,Amazon
TC088010,C088,2026-04-27,Debit,4657.00,Food,McDonalds
TC088011,C088,2026-04-01,Debit,2980.00,Travel,IRCTC
TC088012,C088,2026-04-16,Debit,2362.00,Travel,Uber
TC088013,C088,2026-04-17,Debit,182.00,Shopping,Ajio
TC088014,C088,2026-04-20,Debit,2369.00,Travel,Petrol Pump
TC088015,C088,2026-04-02,Debit,3063.00,Food,McDonalds
TC088016,C088,2026-04-17,Debit,4553.00,UPI,Friend Transfer
TC088017,C088,2026-04-06,Credit,120761.00,Salary,Company Salary
TC088018,C088,2026-04-23,Credit,115429.00,Salary,Company Salary
TC088019,C088,2026-04-27,Debit,1582.00,Shopping,Ajio
TC088020,C088,2026-04-15,Debit,3980.00,Food,Local Restaurant
TC088021,C088,2026-04-09,Debit,3426.00,Travel,Metro Recharge
TC088022,C088,2026-04-21,Debit,1225.00,Food,Blinkit
TC088023,C088,2026-04-02,Debit,181.00,Bills,BESCOM
TC089000,C089,2026-04-05,Debit,2644.00,Bills,Adani Gas
TC089001,C089,2026-04-21,Debit,959.00,Bills,Jio
TC089002,C089,2026-04-01,Debit,4347.00,UPI,Kirana Store
TC089003,C089,2026-04-06,Credit,147301.00,Salary,Company Salary
TC089004,C089,2026-04-24,Debit,124.00,Food,BigBasket
TC089005,C089,2026-04-26,Debit,3696.00,Shopping,Myntra
TC089006,C089,2026-04-20,Credit,63014.00,Salary,Company Salary
TC089007,C089,2026-04-04,Debit,1101.00,Food,Blinkit
TC089008,C089,2026-04-11,Debit,4328.00,Travel,Ola
TC089009,C089,2026-04-14,Credit,119495.00,Salary,Company Salary
TC089010,C089,2026-04-11,Debit,2405.00,UPI,Laundry
TC089011,C089,2026-04-28,Credit,38064.00,Salary,Company Salary
TC089012,C089,2026-04-02,Debit,4086.00,Bills,Jio
TC089013,C089,2026-04-03,Debit,2999.00,Shopping,Myntra
TC089014,C089,2026-04-16,Credit,69964.00,Salary,Company Salary
TC089015,C089,2026-04-19,Debit,4814.00,Shopping,Ajio
TC090000,C090,2026-04-10,Debit,2551.00,UPI,Milk Vendor
TC090001,C090,2026-04-05,Debit,4669.00,Food,Local Restaurant
TC090002,C090,2026-04-07,Debit,858.00,Shopping,Myntra
TC090003,C090,2026-04-01,Debit,1310.00,Bills,BESCOM
TC090004,C090,2026-04-19,Debit,3556.00,Food,Zomato
TC090005,C090,2026-04-06,Debit,1171.00,Shopping,Reliance Digital
TC090006,C090,2026-04-01,Debit,2328.00,Food,McDonalds
TC090007,C090,2026-04-13,Debit,721.00,Travel,Metro Recharge
TC090008,C090,2026-04-03,Debit,2396.00,Travel,Metro Recharge
TC090009,C090,2026-04-12,Debit,4930.00,Bills,Airtel
TC090010,C090,2026-04-14,Debit,3334.00,Bills,Airtel
TC090011,C090,2026-04-27,Debit,1009.00,UPI,Laundry
TC090012,C090,2026-04-03,Debit,4366.00,UPI,Laundry
TC090013,C090,2026-04-25,Debit,4664.00,Shopping,Flipkart
TC090014,C090,2026-04-07,Debit,4984.00,Food,Local Restaurant
TC090015,C090,2026-04-25,Debit,3681.00,Shopping,Ajio
TC090016,C090,2026-04-25,Credit,29960.00,Salary,Company Salary
TC091000,C091,2026-04-19,Debit,2466.00,Bills,Airtel
TC091001,C091,2026-04-17,Debit,2091.00,Shopping,DMart
TC091002,C091,2026-04-14,Credit,27777.00,Salary,Company Salary
TC091003,C091,2026-04-15,Debit,2115.00,Food,BigBasket
TC091004,C091,2026-04-05,Debit,4281.00,Bills,Jio
TC091005,C091,2026-04-28,Debit,224.00,UPI,Milk Vendor
TC091006,C091,2026-04-25,Debit,3033.00,UPI,Friend Transfer
TC091007,C091,2026-04-09,Credit,76928.00,Salary,Company Salary
TC091008,C091,2026-04-07,Debit,1106.00,Food,Swiggy
TC091009,C091,2026-04-02,Debit,847.00,Travel,Petrol Pump
TC091010,C091,2026-04-09,Debit,4689.00,UPI,Milk Vendor
TC091011,C091,2026-04-14,Credit,133326.00,Salary,Company Salary
TC091012,C091,2026-04-12,Credit,60958.00,Salary,Company Salary
TC091013,C091,2026-04-28,Credit,115644.00,Salary,Company Salary
TC091014,C091,2026-04-12,Debit,853.00,Bills,BESCOM
TC091015,C091,2026-04-17,Debit,4554.00,UPI,Friend Transfer
TC091016,C091,2026-04-10,Debit,1045.00,Food,McDonalds
TC091017,C091,2026-04-02,Credit,27313.00,Salary,Company Salary
TC091018,C091,2026-04-25,Debit,1518.00,Travel,Metro Recharge
TC092000,C092,2026-04-10,Credit,35504.00,Salary,Company Salary
TC092001,C092,2026-04-21,Debit,2080.00,UPI,Kirana Store
TC092002,C092,2026-04-23,Debit,848.00,UPI,Milk Vendor
TC092003,C092,2026-04-07,Credit,144653.00,Salary,Company Salary
TC092004,C092,2026-04-20,Debit,3708.00,Bills,TATA Play
TC092005,C092,2026-04-26,Credit,77896.00,Salary,Company Salary
TC092006,C092,2026-04-16,Debit,3712.00,Travel,Ola
TC092007,C092,2026-04-16,Debit,1747.00,Shopping,Amazon
TC092008,C092,2026-04-16,Credit,46214.00,Salary,Company Salary
TC092009,C092,2026-04-04,Debit,4154.00,Shopping,Amazon
TC092010,C092,2026-04-20,Debit,459.00,Bills,BESCOM
TC092011,C092,2026-04-16,Debit,360.00,UPI,Friend Transfer
TC092012,C092,2026-04-18,Debit,236.00,UPI,Laundry
TC092013,C092,2026-04-13,Debit,2356.00,Bills,Airtel
TC092014,C092,2026-04-18,Credit,69963.00,Salary,Company Salary
TC092015,C092,2026-04-05,Credit,88161.00,Salary,Company Salary
TC092016,C092,2026-04-12,Debit,668.00,Travel,Uber
TC092017,C092,2026-04-20,Debit,4532.00,Travel,Petrol Pump
TC092018,C092,2026-04-16,Credit,71067.00,Salary,Company Salary
TC092019,C092,2026-04-22,Credit,96269.00,Salary,Company Salary
TC092020,C092,2026-04-17,Debit,2293.00,Shopping,Flipkart
TC092021,C092,2026-04-05,Debit,988.00,Bills,Adani Gas
TC092022,C092,2026-04-09,Credit,75414.00,Salary,Company Salary
TC092023,C092,2026-04-13,Debit,3431.00,UPI,Friend Transfer
TC093000,C093,2026-04-13,Credit,106499.00,Salary,Company Salary
TC093001,C093,2026-04-12,Debit,4706.00,Travel,IRCTC
TC093002,C093,2026-04-15,Debit,2796.00,Travel,IRCTC
TC093003,C093,2026-04-20,Debit,231.00,Travel,IndiGo
TC093004,C093,2026-04-15,Credit,96100.00,Salary,Company Salary
TC093005,C093,2026-04-06,Debit,4779.00,Shopping,DMart
TC093006,C093,2026-04-07,Debit,2019.00,Food,McDonalds
TC093007,C093,2026-04-01,Debit,3593.00,Bills,Jio
TC093008,C093,2026-04-01,Credit,64017.00,Salary,Company Salary
TC093009,C093,2026-04-10,Credit,145134.00,Salary,Company Salary
TC093010,C093,2026-04-21,Debit,2998.00,Food,Zomato
TC093011,C093,2026-04-20,Debit,1894.00,Shopping,Myntra
TC093012,C093,2026-04-05,Debit,4143.00,UPI,Laundry
TC093013,C093,2026-04-25,Debit,2981.00,UPI,Milk Vendor
TC093014,C093,2026-04-23,Debit,130.00,Bills,TATA Play
TC093015,C093,2026-04-08,Credit,119262.00,Salary,Company Salary
TC093016,C093,2026-04-08,Credit,29863.00,Salary,Company Salary
TC094000,C094,2026-04-12,Debit,385.00,UPI,Friend Transfer
TC094001,C094,2026-04-19,Debit,970.00,Travel,Uber
TC094002,C094,2026-04-17,Debit,1969.00,Bills,BESCOM
TC094003,C094,2026-04-08,Debit,2115.00,Travel,Ola
TC094004,C094,2026-04-16,Debit,4095.00,Shopping,Flipkart
TC094005,C094,2026-04-26,Debit,2809.00,Travel,Uber
TC094006,C094,2026-04-21,Debit,3370.00,Bills,TATA Play
TC094007,C094,2026-04-02,Credit,34506.00,Salary,Company Salary
TC094008,C094,2026-04-07,Credit,94406.00,Salary,Company Salary
TC094009,C094,2026-04-26,Debit,2383.00,Bills,BESCOM
TC094010,C094,2026-04-26,Debit,4491.00,Travel,Uber
TC094011,C094,2026-04-09,Debit,2120.00,Travel,IRCTC
TC094012,C094,2026-04-22,Debit,3906.00,UPI,Laundry
TC094013,C094,2026-04-10,Debit,512.00,Shopping,Flipkart
TC094014,C094,2026-04-19,Debit,4052.00,Food,Swiggy
TC094015,C094,2026-04-17,Debit,3675.00,Food,BigBasket
TC094016,C094,2026-04-26,Debit,2171.00,Food,Swiggy
TC095000,C095,2026-04-18,Credit,121624.00,Salary,Company Salary
TC095001,C095,2026-04-21,Credit,35434.00,Salary,Company Salary
TC095002,C095,2026-04-02,Debit,1744.00,Travel,Petrol Pump
TC095003,C095,2026-04-26,Debit,3086.00,Bills,Airtel
TC095004,C095,2026-04-14,Debit,2432.00,Bills,Jio
TC095005,C095,2026-04-16,Debit,144.00,Shopping,DMart
TC095006,C095,2026-04-10,Credit,95776.00,Salary,Company Salary
TC095007,C095,2026-04-12,Debit,3125.00,UPI,Milk Vendor
TC095008,C095,2026-04-14,Debit,3209.00,UPI,Laundry
TC095009,C095,2026-04-16,Debit,3634.00,Food,McDonalds
TC095010,C095,2026-04-05,Debit,678.00,Food,McDonalds
TC095011,C095,2026-04-28,Debit,3263.00,Travel,IRCTC
TC095012,C095,2026-04-25,Debit,2019.00,Travel,Petrol Pump
TC095013,C095,2026-04-18,Credit,92688.00,Salary,Company Salary
TC095014,C095,2026-04-14,Debit,3277.00,Food,BigBasket
TC095015,C095,2026-04-04,Credit,97192.00,Salary,Company Salary
TC096000,C096,2026-04-08,Debit,3764.00,Food,Zomato
TC096001,C096,2026-04-21,Debit,1467.00,Shopping,Amazon
TC096002,C096,2026-04-07,Debit,3373.00,Travel,IRCTC
TC096003,C096,2026-04-02,Debit,2108.00,Food,Blinkit
TC096004,C096,2026-04-21,Debit,4547.00,Food,BigBasket
TC096005,C096,2026-04-19,Debit,3885.00,UPI,Friend Transfer
TC096006,C096,2026-04-12,Credit,137120.00,Salary,Company Salary
TC096007,C096,2026-04-04,Debit,2273.00,Shopping,Reliance Digital
TC096008,C096,2026-04-11,Debit,3208.00,UPI,Laundry
TC096009,C096,2026-04-01,Debit,662.00,Bills,Airtel
TC096010,C096,2026-04-24,Debit,437.00,UPI,Milk Vendor
TC096011,C096,2026-04-01,Debit,750.00,Shopping,Ajio
TC096012,C096,2026-04-18,Debit,347.00,Bills,TATA Play
TC096013,C096,2026-04-04,Debit,195.00,Bills,Adani Gas
TC096014,C096,2026-04-09,Debit,1431.00,Travel,Uber
TC096015,C096,2026-04-02,Debit,4430.00,Travel,IRCTC
TC096016,C096,2026-04-14,Debit,4240.00,Travel,Metro Recharge
TC096017,C096,2026-04-18,Debit,2395.00,Travel,Petrol Pump
TC096018,C096,2026-04-17,Debit,1685.00,Shopping,DMart
TC097000,C097,2026-04-26,Debit,576.00,Travel,IndiGo
TC097001,C097,2026-04-03,Debit,3592.00,UPI,Friend Transfer
TC097002,C097,2026-04-25,Credit,43325.00,Salary,Company Salary
TC097003,C097,2026-04-01,Debit,4926.00,Travel,Uber
TC097004,C097,2026-04-07,Debit,2363.00,Travel,IndiGo
TC097005,C097,2026-04-01,Debit,2431.00,Food,McDonalds
TC097006,C097,2026-04-02,Credit,115702.00,Salary,Company Salary
TC097007,C097,2026-04-23,Debit,863.00,UPI,Kirana Store
TC097008,C097,2026-04-14,Debit,594.00,Bills,Jio
TC097009,C097,2026-04-23,Credit,95750.00,Salary,Company Salary
TC097010,C097,2026-04-10,Debit,1086.00,Food,Local Restaurant
TC097011,C097,2026-04-17,Debit,4559.00,Travel,IndiGo
TC097012,C097,2026-04-26,Debit,1820.00,Shopping,DMart
TC097013,C097,2026-04-22,Credit,105877.00,Salary,Company Salary
TC097014,C097,2026-04-17,Debit,2444.00,Bills,Jio
TC097015,C097,2026-04-14,Credit,103881.00,Salary,Company Salary
TC097016,C097,2026-04-10,Debit,1553.00,Travel,Metro Recharge
TC097017,C097,2026-04-04,Debit,2512.00,Shopping,Ajio
TC097018,C097,2026-04-04,Debit,1237.00,Shopping,Myntra
TC097019,C097,2026-04-15,Debit,2386.00,Food,BigBasket
TC097020,C097,2026-04-22,Debit,2582.00,Food,BigBasket
TC098000,C098,2026-04-03,Debit,1253.00,Shopping,DMart
TC098001,C098,2026-04-02,Debit,1425.00,Travel,Uber
TC098002,C098,2026-04-10,Debit,3589.00,Shopping,Ajio
TC098003,C098,2026-04-28,Debit,2616.00,UPI,Kirana Store
TC098004,C098,2026-04-28,Debit,859.00,UPI,Milk Vendor
TC098005,C098,2026-04-12,Debit,2613.00,Shopping,Myntra
TC098006,C098,2026-04-08,Debit,996.00,Food,Swiggy
TC098007,C098,2026-04-05,Debit,1011.00,Food,BigBasket
TC098008,C098,2026-04-12,Debit,1528.00,Food,Local Restaurant
TC098009,C098,2026-04-25,Debit,3797.00,Shopping,Reliance Digital
TC098010,C098,2026-04-19,Debit,2459.00,Shopping,Ajio
TC098011,C098,2026-04-10,Credit,89596.00,Salary,Company Salary
TC098012,C098,2026-04-11,Debit,2296.00,Shopping,Reliance Digital
TC098013,C098,2026-04-21,Debit,3883.00,Bills,Jio
TC098014,C098,2026-04-18,Debit,3052.00,UPI,Kirana Store
TC099000,C099,2026-04-16,Debit,778.00,Food,BigBasket
TC099001,C099,2026-04-06,Debit,641.00,Shopping,Ajio
TC099002,C099,2026-04-23,Credit,93248.00,Salary,Company Salary
TC099003,C099,2026-04-02,Debit,4586.00,Food,Zomato
TC099004,C099,2026-04-03,Debit,1891.00,Food,Local Restaurant
TC099005,C099,2026-04-23,Credit,99415.00,Salary,Company Salary
TC099006,C099,2026-04-06,Debit,278.00,UPI,Kirana Store
TC099007,C099,2026-04-17,Debit,803.00,Bills,Adani Gas
TC099008,C099,2026-04-08,Credit,25161.00,Salary,Company Salary
TC099009,C099,2026-04-13,Debit,2535.00,UPI,Milk Vendor
TC099010,C099,2026-04-20,Credit,76286.00,Salary,Company Salary
TC099011,C099,2026-04-15,Debit,639.00,Bills,TATA Play
TC099012,C099,2026-04-05,Debit,3991.00,Travel,Uber
TC099013,C099,2026-04-09,Debit,3779.00,Food,Local Restaurant
TC099014,C099,2026-04-01,Credit,91628.00,Salary,Company Salary
TC099015,C099,2026-04-28,Credit,130431.00,Salary,Company Salary
TC099016,C099,2026-04-22,Debit,2105.00,Bills,BESCOM
TC099017,C099,2026-04-08,Debit,1108.00,Shopping,Reliance Digital
TC100000,C100,2026-04-22,Debit,2131.00,Food,Blinkit
TC100001,C100,2026-04-22,Credit,133932.00,Salary,Company Salary
TC100002,C100,2026-04-11,Credit,147880.00,Salary,Company Salary
TC100003,C100,2026-04-03,Debit,4853.00,Bills,TATA Play
TC100004,C100,2026-04-18,Debit,2844.00,UPI,Laundry
TC100005,C100,2026-04-28,Debit,2730.00,Food,McDonalds
TC100006,C100,2026-04-15,Credit,65192.00,Salary,Company Salary
TC100007,C100,2026-04-18,Debit,4917.00,UPI,Laundry
TC100008,C100,2026-04-11,Debit,2977.00,Food,Swiggy
TC100009,C100,2026-04-16,Credit,97924.00,Salary,Company Salary
TC100010,C100,2026-04-16,Debit,2891.00,UPI,Friend Transfer
TC100011,C100,2026-04-07,Debit,2766.00,Travel,Petrol Pump
TC100012,C100,2026-04-14,Debit,3936.00,Shopping,Ajio
TC100013,C100,2026-04-09,Debit,3230.00,Food,Swiggy
TC100014,C100,2026-04-25,Credit,29765.00,Salary,Company Salary
TC100015,C100,2026-04-04,Debit,161.00,UPI,Laundry
TC100016,C100,2026-04-17,Credit,37238.00,Salary,Company Salary
TC100017,C100,2026-04-09,Credit,115380.00,Salary,Company Salary
TC100018,C100,2026-04-03,Debit,987.00,Shopping,Amazon
TC100019,C100,2026-04-08,Debit,3690.00,Food,Swiggy
TC100020,C100,2026-04-23,Debit,3144.00,Food,McDonalds
TC100021,C100,2026-04-20,Credit,64864.00,Salary,Company Salary
TC100022,C100,2026-04-17,Debit,4030.00,Travel,Uber